Step,Reconstruction Loss,KL Loss,Uniformity Loss,Orthogonality Loss,Total Loss,Time,Entropy,Margin,0 Fraction,1 Fraction
0.0,840.1170266718286,216.31208306837533,0.5735658750153172,0.03916562900043514,958.2951265624948,0.0007253726175423915,0.027774986908946593,0.02176908853507608,0.03528621809573817,0.03528621809573817
0.0,6314.860738169671,686.9296234208506,0.2561314581373171,0.011376283160211052,5829.505630679451,0.000551194477706263,0.016701799918096897,0.011135705889651345,0.018171411483770324,0.018171411483770324
0.0,2970.7782489956753,386.0735754701527,0.03657327408358827,0.006482617140859796,3248.4467498249533,0.0010634307253594738,0.003542971132997995,0.0027210891068832335,0.0023437500000000003,0.0023437500000000003
0.0,3904.325968140202,269.6798049070094,0.010265474758601187,0.005576152129991279,4071.469469329264,0.0006514156263838156,0.005715019742690747,0.005337154529546574,0.0,0.0
0.0,1706.2262314858506,286.25828023811766,9.596929132788388e-05,0.009825578713126056,1785.8380611466423,0.002867724891888574,0.003054850886601052,0.0028375878854466972,0.0,0.0
0.0,812.8378589389578,356.68275222445936,2.9489013533108057e-05,0.02789207057786333,915.6767597035185,0.0013030129383380434,0.003371251457537562,0.003279403670810374,0.0,0.0
0.0,1760.9364620021843,347.75749548162497,2.3821477816893363e-05,0.012285385536495172,1531.5856352744202,0.000331857666222953,0.004254933692533882,0.004168461112498195,0.0,0.0
0.0,1723.1508776840128,338.9995417310633,1.2520074729996976e-05,0.05634410973369755,1660.9115707176563,0.0006639675702842086,0.00296134881536468,0.002590224348993478,0.0,0.0
0.0,1300.6325276387272,361.09641286014534,3.524358139870751e-06,0.04379397104447994,1334.3924388626504,0.0003879433102336478,0.0021736600418134086,0.002095428896657697,0.0,0.0
0.0,1292.3173355074653,380.5640061813498,1.171221616166387e-06,0.03603955795592194,1537.763340476724,0.0013805017107002182,0.0019035668753919553,0.0016919864166964876,0.0,0.0
0.0,1094.217364161848,354.0868481385661,9.159686012678538e-07,0.08202374351610843,1331.1027655440053,0.0020270588576861625,0.002746800495541553,0.0027129424996495464,0.0,0.0
0.0,1387.0256660150008,345.52703008616345,6.778824348083601e-07,0.09116100871945765,1530.2330505747568,0.0010670383170099265,0.004098726602942578,0.004341053765653736,0.0,0.0
0.0,1232.0771326826723,473.43457799053846,4.301918347409252e-07,0.027512416227952644,1364.3258441075043,0.0006413217703069019,0.004133842418040486,0.004400799338638591,0.0,0.0
0.0,1132.035557630154,289.15954922398345,5.086648253298265e-07,0.09345123904269857,1116.5939530851101,0.001173089628133785,0.003792661840490657,0.003924721820787875,0.0,0.0
0.0,842.625670982629,467.46703391233893,8.43563226366878e-07,0.021285845464125583,1020.2375996139963,0.0005527183337799132,0.0033849061655398974,0.003463148132732564,0.0,0.0
0.0,1451.1763422012464,355.7691318850819,1.5288180872898133e-06,0.033312931009138985,1552.4180625951162,0.0010793573033369168,0.0026606943545237232,0.00241261535675653,0.0,0.0
0.0,705.3390605981111,334.45233835284563,2.9611378060793454e-06,0.040091418462196764,898.9287037146861,0.0008604748208542855,0.002744684998860022,0.002562096502853574,0.0,0.0
0.0,993.894797798576,289.17833391129244,5.16645821090768e-06,0.035379306856756394,1093.3196549380332,0.0018379404968206611,0.0025356345721864815,0.002438021237556055,0.0,0.0
0.0,873.1927437519017,222.01261353151287,6.801209255637625e-06,0.035227982334216285,1021.3658965130011,0.0013563294483175177,0.0019258094760366995,0.0017898635752389698,0.0,0.0
0.0,583.2425487547922,185.74021092392817,6.6013382571390625e-06,0.054709210750072,687.8811540226847,0.0022910337981405264,0.002316856093247852,0.002083475435418148,0.0,0.0
0.0,814.3594985396719,177.88016814154227,5.716179317084953e-06,0.2653013472583708,953.5662098680652,0.0007872082321434329,0.0032213700426758046,0.0029324135379693713,0.0,0.0
0.0,898.336989361327,341.61728908625855,5.3976428102356885e-06,0.05206641843890376,1059.804353816766,0.0006347105527907226,0.00401492137026191,0.003618348086553721,0.0,0.0
0.0,702.091288269484,184.90451355856825,5.704340859163592e-06,0.0719783701217678,740.4476361681437,0.0007430510213892912,0.005020410955281748,0.004586349044772047,0.0,0.0
0.0,863.764273650177,233.93343413759507,6.74155204482248e-06,0.21484740869704375,1066.7063609916179,0.0012493419771337157,0.005760832938596939,0.005349847261850078,0.0,0.0
0.0,748.1449149812194,177.34765323907027,8.685760781376545e-06,0.07982800823917574,831.5863258823522,0.0021960515492630782,0.006514486680219672,0.006062790080436497,0.0,0.0
0.0,557.9312422459116,196.91084162136596,1.1428988978510407e-05,0.05443340294147517,661.0324199464399,0.0006993410564551663,0.007544533378971298,0.007097605296818764,0.0,0.0
0.0,753.7987676475544,253.6271630043119,1.4330942957873063e-05,0.09807725905049762,998.7770128853399,0.0008733482642097946,0.008210540628373257,0.007785318274029074,0.0,0.0
0.0,654.5065175350198,156.5471005765213,1.723577800895109e-05,0.1000943292561453,617.6902828072077,0.0003986915293983848,0.006536466867186501,0.006021016695025901,0.0,0.0
0.0,849.030610460861,169.1765496639746,2.1139107945121322e-05,0.07098863266032968,955.1829096335149,0.0007233363758706883,0.005804125422164367,0.005249178103852101,0.0,0.0
0.0,335.6046391422799,213.74874118369567,2.828519085106295e-05,0.1453584697789208,529.8094452577899,0.0007351865999917604,0.0056540730721407135,0.005090352799608716,0.0,0.0
0.0,771.6200930035626,401.1308713529148,3.892764599573818e-05,0.09559694771304422,1130.721606071002,0.0005502563537657226,0.005527040771594321,0.004951102963398477,0.0,0.0
0.0,492.41421342272304,214.42229098156164,5.457930817652251e-05,0.07516273923956575,658.7995723988101,0.0020162589220051787,0.00544447513914216,0.004857116855456854,0.0,0.0
0.0,577.0170852101787,226.25823911175712,7.305386411032932e-05,0.28463100179284234,827.5027152985587,0.000879495036701639,0.005773130451269515,0.005201455498517008,0.0,0.0
0.0,546.1070796334066,332.0511617251033,9.7714646132163e-05,0.21990060063171454,942.8125167816835,0.0009027981175043412,0.006594734311596817,0.006070391502957975,0.0,0.0
0.0,783.1848328443925,158.28950936446552,0.0001266461238041105,0.15827368137427453,969.338818181889,0.0007166671988340604,0.007579943956701971,0.007135424508604224,0.0,0.0
0.0,763.7830434746437,273.6592820383066,0.00014693773448249862,0.14083831774498334,852.6077375199947,0.0007148580562190686,0.008265562954831236,0.007899995770147565,0.0,0.0
0.0,817.5915438889411,226.75863561586854,0.0001639876012604433,0.23581324506398169,996.2990335622177,0.0009275990062720655,0.0073060424164078505,0.006887688966650396,0.0,0.0
0.0,703.3138578863959,245.83380288237865,0.00018605420106969337,0.15162095281699534,906.9443548979391,0.0005658603095212378,0.006364226106787835,0.005885667671290128,0.0,0.0
0.0,688.267216014766,248.77237802995856,0.00022427761112651535,0.22288041747343135,785.2505493693044,0.002492186317233919,0.005587261275678033,0.005081076517951459,0.0,0.0
0.0,789.7467137034632,248.22193786942643,0.0002817954439255261,0.17997538857696704,898.4125005826442,0.0003336985686411126,0.005334793696200597,0.0048470378226280544,0.0,0.0
0.0,869.3377263549473,272.281198716051,0.00034339400874273783,0.2211289868421368,1000.6274577521143,0.0017428659870580383,0.005433954960418053,0.005023741941790926,0.0,0.0
0.0,564.178086677269,266.59885748942503,0.00039747108651538686,0.19034262336637034,808.7337172696749,0.0004475469383536571,0.005591195084296857,0.005171742960153352,0.0,0.0
0.0,454.3081132490548,193.76560457662467,0.0004213843178395974,0.2807627438906901,551.9518061712685,0.0010171792890844322,0.005795315315041522,0.005371456217980476,0.0,0.0
0.0,742.3183385536297,315.1796950670249,0.00043733093377195986,0.16534535086950555,1001.5447389965715,0.00048758393012169455,0.005981981909388252,0.005452663403953284,0.0,0.0
0.0,1060.6439486419856,244.15618277439083,0.0004793144169944946,0.16942912789404405,1131.44777984849,0.001385674686583351,0.006677659068349071,0.006112721520156217,0.0,0.0
0.0,487.0138339128499,298.86152550089594,0.0005403334082878058,0.1913664838998686,640.9298945447744,0.0018604653720395567,0.007395202637608212,0.006816273030075475,0.0,0.0
0.0,660.0427884052574,157.97110317936887,0.0005938573231029577,0.29261702553213004,802.5217079009882,0.00032691814378903427,0.007832098731362857,0.00721319078529323,0.0,0.0
0.0,610.3094026556608,190.51533266527974,0.0006314033764256003,0.2588175443391456,852.5528997492241,0.002742090800417989,0.0075944612232382285,0.006915480145244992,0.0,0.0
0.0,469.9069392841629,182.8772643348963,0.0006514644406744759,0.2559301467093266,687.4077218784375,0.00034873440903441226,0.0071896262124959785,0.006491866364459864,0.0,0.0
0.0,670.7175330611366,269.4256046555095,0.0006627728920504594,0.2727902147938686,868.4694568603943,0.0006861018621515504,0.0068073665809786025,0.006121665936620949,0.0,0.0
0.0,738.545973219278,332.2966686891689,0.0006768861570917366,0.17765575266388825,1134.0154594465885,0.00038458398138891146,0.00687807764570377,0.006158763139331551,0.0,0.0
0.0,725.7397196884638,169.31529959751248,0.0006746116678301492,0.2160468296560568,796.866098100422,0.00047938294852917804,0.007121563350737853,0.006313575585103095,0.0,0.0
0.0,364.9215680874559,177.2479653572845,0.0006383816710037618,0.22597816099367626,557.9448166962385,0.0003988811488908689,0.008514206955375808,0.0076034135498952715,0.0,0.0
0.0,695.9140277275901,241.87810487058476,0.0005878629367157317,0.3097448275961475,810.6513886354409,0.001035879884902972,0.010508779406801606,0.009554454110006919,0.0,0.0
0.0,612.2049593125481,258.1722468226128,0.0005277613356961837,0.2931021681800902,901.5795010257049,0.0004955940450982135,0.012704513746139253,0.011797960107675946,0.0,0.0
0.0,650.4155713021803,129.69552813584025,0.00046468998375205574,0.25979595965026486,835.30488043592,0.0004972116181858768,0.014218503755715142,0.013402414320120484,0.0,0.0
0.0,374.44677111730715,220.91538249865573,0.0004048399997110518,0.23586069454731634,576.6924544421009,0.00024175823674672356,0.0133861680938404,0.012564145863093163,0.0,0.0
0.0,663.4327713318255,317.71748141870984,0.00034993706375918373,0.2217894099511656,948.6708965109972,0.0011792120567497128,0.012748268286845386,0.01190568611330699,0.0,0.0
0.0,632.7423440439466,199.25532663136835,0.00031638148496302315,0.23593045696432716,684.5201371102562,0.0014958288937586275,0.01215064633148929,0.011275480717882959,0.0,0.0
0.0,510.9781493806539,189.3217260147399,0.00028219868246567745,0.24093923107764095,747.8520501842269,0.0004900500788557747,0.011843985700444828,0.01092884274881231,0.0,0.0
0.0,852.7424565569909,210.27298254383862,0.0002503502783588972,0.24219731974308123,1136.82832581665,0.0004478200533070338,0.01144668409651556,0.01046382790855263,0.0,0.0
0.0,742.5375849142328,227.06301977367428,0.0002128797077212956,0.23647843089968704,840.8110632169447,0.001866148766937048,0.011193752130799293,0.010192634678681789,0.0,0.0
0.0,985.6966040674579,229.3858359352524,0.00018427795104805565,0.23004248910414096,1180.6492266353423,0.0006322094032393825,0.012121539292957001,0.011258630945528984,0.0,0.0
0.0,694.6987844613301,201.04870847274387,0.00017558268794633594,0.2551997452869077,763.2757441076542,0.0007676728774492042,0.012202849974723345,0.011411398446692056,0.0,0.0
0.0,729.8814101773766,287.4700087419452,0.00018649988500132945,0.26757582513831357,984.2914867402068,0.0018719117198296971,0.011500370232108236,0.010618131674058683,0.0,0.0
0.0,941.9976669457574,241.6422302931587,0.0002013217247120073,0.2989238987553497,1328.4139241989087,0.002088114779388501,0.010798588995251256,0.009852902780073019,0.0,0.0
0.0,555.9822298867444,216.6470732192981,0.00022009294282304868,0.15183494480089704,699.3392552970726,0.0005412313487620342,0.010615984214386542,0.009640187933070303,0.0,0.0
0.0,832.1687116513858,253.48213229479776,0.0002540489212309552,0.2141342350485873,1130.4058342071557,0.0007631727700061406,0.010953933040644986,0.010026046684529007,0.0,0.0
0.0,489.78058629956945,230.74319928654594,0.0002893064558158182,0.2715264495861795,695.0212173740985,0.0010432394932246057,0.011551063825811699,0.010711473364382182,0.0,0.0
0.0,929.6272640139458,255.073335559712,0.0002916423471752316,0.17180952576914746,1162.1994023556797,0.0025705252219353912,0.011946344011720712,0.011209427060898206,0.0,0.0
0.0,720.7237410441894,234.75427028651708,0.0002555992559747097,0.29653662440576284,991.57589977765,0.0018317627227057024,0.0124143656706992,0.011740527481677957,0.0,0.0
0.0,522.8269114013077,175.9703356462189,0.0002490722143572354,0.2650638895275062,678.0701119257806,0.0007792793724723213,0.012270849628845004,0.011632294910282804,0.0,0.0
0.0,777.3735715694403,252.61739375515953,0.0002645747045654687,0.25889847783305203,1035.447312534366,0.001192358150534873,0.012119990301235352,0.011544684882271962,0.0,0.0
0.0,651.3444090527331,302.6218196949797,0.0002728212863089554,0.17813200186209133,780.15821655974,0.0016573271564554503,0.011537193323700467,0.011007411609306248,0.0,0.0
0.0,384.41696433523776,249.23847366135936,0.0002570476522914678,0.30099626426518644,640.1854149390488,0.001171817769800439,0.011214678838133282,0.010779246316931288,0.0,0.0
0.0,407.55914519898477,91.72844208720471,0.0002334104649661078,0.1450196961383658,453.35128457761044,0.0006499501348756057,0.010543770920598624,0.010160324084552313,0.0,0.0
0.0,818.1369773657104,281.57291642916596,0.00022370957358399844,0.24397974957756463,1111.6347211804116,0.0015808316990828218,0.010605875958957341,0.01023542900403031,0.0,0.0
0.0,471.84728955061047,166.58695124626445,0.0002212584327727953,0.2420477795188854,661.0016073031231,0.000851686001728326,0.01108322507021233,0.010729043123125049,0.0,0.0
0.0,699.5886926965445,263.5687607436404,0.0002186733184757396,0.10371525361398969,927.1168551334608,0.0004684832507716005,0.011773519634453587,0.01147815012374643,0.0,0.0
0.0,608.6275322147826,180.8791358215503,0.00020388251057971106,0.28593348039772865,924.804143585123,0.000599206776377102,0.012198060722025509,0.01201437942612929,0.0,0.0
0.0,594.0619014064416,222.06939193507407,0.0001837789536060204,0.22772006981340487,747.3099451939065,0.0025168395423872765,0.013062631041180682,0.012935647582203742,0.0,0.0
0.0,334.2849023555786,253.93869515951067,0.00017704928819438316,0.20127229603580873,553.7338831195542,0.0024396113134168822,0.012219528932685549,0.012030156858891394,0.0,0.0
0.0,625.5684017012848,369.73928705415074,0.00016768213329149912,0.2507231890774366,922.4804402932997,0.0008819589504135625,0.01154852313730014,0.01122439754942141,0.0,0.0
0.0,702.3404195294366,164.05361112266834,0.0001904546152956284,0.2004588476325902,838.6194513457267,0.0011554317169881004,0.011794397508988528,0.011301720027853762,0.0,0.0
0.0,774.056314012274,325.00823194731686,0.00020530738555686945,0.23218229698954532,977.2814149933732,0.0016182686529964943,0.012852370958815189,0.012333243801383656,0.0,0.0
0.0,755.8723789134947,238.02840945647992,0.0001973779400956383,0.17622891702019577,972.6523929666771,0.0003189579657040082,0.012656339465038455,0.012125815401461527,0.0,0.0
0.0,547.5443107630587,173.0367460892902,0.00017866906304552015,0.269975621210563,667.1426206321063,0.0005698990149121894,0.011770625439077288,0.011310144664782912,0.0,0.0
0.0,767.6995920882806,258.4042160096956,0.0001689546678008201,0.22897273392268103,1026.7980142821634,0.0003370620424330279,0.010030642985729676,0.009659742640687086,0.0,0.0
0.0,689.436211045407,277.17499933114635,0.00017660570039216344,0.343863193862333,812.8071645761138,0.00081704207450565,0.00892578475874974,0.008572987764734601,0.0,0.0
0.0,758.4788158142595,324.746830103544,0.00017350304183331357,0.2131789565777116,1066.2096545785314,0.0005152300323735459,0.008110784139241814,0.007722446856926734,0.0,0.0
0.0,622.3190716595302,216.3693127850741,0.00019225507401251062,0.3249540901650204,756.6273009808137,0.0012579282081657474,0.008996943734737634,0.008652756019311538,0.0,0.0
0.0,495.2941976066041,156.48269571757177,0.000206347198494387,0.2486559680102055,619.324388876165,0.0004818640389281517,0.00973554928695302,0.009477402606493438,0.0,0.0
0.0,860.0202645870468,295.05982527671375,0.0002170117808799462,0.2927766273411798,999.018116330758,0.0018978135465969343,0.009691026524275732,0.009636143450097587,0.0,0.0
0.0,625.5905492388566,212.57679182596442,0.00023795402145229447,0.20645281069145285,805.2274346926959,0.0022061681804687668,0.010369092499807187,0.010458075137934623,0.0,0.0
0.0,446.2402024594532,214.01765067958345,0.000261323569902277,0.27856298809901175,741.8829639142979,0.000390916826421942,0.009074488648392639,0.009106574273081118,0.0,0.0
0.0,711.5102008007643,197.5835231414338,0.0002747769456404677,0.3174584727871941,867.6635733815336,0.0023537567739937855,0.007788004469964903,0.007721106989590238,0.0,0.0
0.0,420.7792793856831,193.4855619220237,0.0002744993100258942,0.23577058703139164,769.7091858842838,0.0010700111882071491,0.007877275658403524,0.0078064487035076555,0.0,0.0
0.0,609.3343363490848,112.10851885323409,0.00028194710973244676,0.3022707693598371,833.2785684830421,0.0008418780834140237,0.008286306216555149,0.00809985727798165,0.0,0.0
0.0,424.17363281070135,149.1709123311277,0.00029030689319789916,0.1957009657188967,583.3034154134698,0.0007525044228652564,0.008635232952244833,0.008446514021490952,0.0,0.0
0.0,431.22356989020363,189.11253106868827,0.0003115371911870975,0.15553542270844378,575.583247974051,0.00029224470757545416,0.0084857325358617,0.008428705269405475,0.0,0.0
0.0,516.4333048407063,142.8568071448203,0.0003235033049129243,0.29547932311588126,513.6270679527371,0.0006355347113759848,0.009571621999175077,0.009488428831860116,0.0,0.0
0.0,628.1508623575905,219.06659118044863,0.0003338578272469581,0.2616434301691687,821.2356910141365,0.0007192593932256297,0.012367223523450613,0.012393891787732486,0.0,0.0
0.0,678.6934593712875,189.15246672165122,0.00034158203323647585,0.23632441022862938,797.3093415066005,0.0006044024822848323,0.012465202719168192,0.012425644602895846,0.0,0.0
0.0,500.74821758975753,276.18397182238823,0.0003426020596157023,0.2115047355315008,572.4476221999305,0.0007681701671812292,0.010576446413884947,0.010358888999379342,0.0,0.0
0.0,945.880096681721,345.85695455749504,0.0003503292453106218,0.2259443894243903,1300.123832248694,0.0020772642470624912,0.010187890072335648,0.00982917656711675,0.0,0.0
0.0,431.7637809730219,221.0079252698282,0.0003541859510160785,0.18931048802970188,637.5029372075147,0.0020737618007811353,0.011040860358317722,0.010777475715960097,0.0,0.0
0.0,754.4294745781569,140.60142114977148,0.00034443778457062343,0.14459963752024355,910.4046069376234,0.0019902649848838943,0.013183486547888968,0.012965952942472984,0.0,0.0
0.0,684.9005355862944,242.34576371450905,0.000334249893456287,0.2416139411434509,878.0928121764133,0.0004614687623966647,0.014328808652682939,0.014081785422320144,0.0,0.0
0.0,683.7243520157353,282.0459491987959,0.00028152949722650615,0.28589174088570335,777.7536762195754,0.002603633365627143,0.014051002854052894,0.013608655119077204,0.0,0.0
0.0,430.29350019559604,175.3120651537828,0.00021725347598496917,0.2984050662253726,648.4807056753748,0.00044426332023401614,0.013200561545094042,0.01264878388150033,0.0,0.0
0.0,639.5237703680397,204.82261160996026,0.00017763865177693514,0.26137241455297056,720.8860724017244,0.0009330477680362428,0.015982322486129286,0.015498229717874335,0.0,0.0
0.0,664.0283476293638,233.43093506596392,0.00017718385023171015,0.25546088732559075,915.437846866697,0.0011197000873594972,0.01747166233743035,0.016892899136041473,0.0,0.0
0.0,751.2030608953987,231.27775490816535,0.00020242506983820054,0.21539605764164824,895.0619873089322,0.0010485677200824473,0.018568663796566912,0.01796477419611563,0.0,0.0
0.0,607.7009227029444,206.82847838022687,0.0002279858483760654,0.24610599936641078,858.918429883438,0.0011255536345708187,0.019483653042138754,0.01890124212240668,0.0,0.0
0.0,637.7007566724502,241.82055844690626,0.0002481720396311688,0.22349942481391297,845.4148233221453,0.001123480009583395,0.02291387308538665,0.022413035307912863,0.0,0.0
0.0,614.8426921819988,142.85947655240375,0.00025597521636036173,0.18583619148860442,750.1156764513993,0.0007562732620769328,0.024426869714648143,0.023874256792596967,0.0,0.0
0.0,543.2144114178501,214.11888611466642,0.00027594997017802217,0.3064910830298536,532.7156004782187,0.0004143636162803205,0.02383006971598957,0.023195065902793424,0.0,0.0
0.0,858.5287721372366,238.74812877822484,0.0002844809417276393,0.25788047821952903,973.8428168143853,0.0025049842917273545,0.022628607612311783,0.02204312148254952,0.0,0.0
0.0,660.8479245636051,163.12540881837208,0.0002974143069677636,0.21741919786162242,721.9544957520487,0.0003574401171894566,0.02256427789272197,0.022003721748347554,0.0,0.0
0.0,655.435626946235,209.26482827575452,0.00031236169909077744,0.27071643956563607,732.4037005112211,0.0024794962381270514,0.022873631217205634,0.02219515778006921,0.0,0.0
0.0,605.1216787718731,332.2749813413195,0.0003336880121825445,0.1676074493650994,941.8991970293083,0.00038203982430238783,0.022746725729206493,0.022066050104052354,0.0,0.0
0.0,726.7380650371564,199.87797629778373,0.0003483099072209471,0.3153747851066439,1029.0376710600838,0.0025839915005201938,0.021421961002234972,0.020813028269106033,0.0,0.0
0.0,643.1652278800854,298.548548571116,0.00035787947197838077,0.25224324261184067,932.4646562274113,0.0004896232205499519,0.021115372080292318,0.02061958811933068,0.0,0.0
0.0,897.9456747649612,287.40098471661986,0.00036252797282119114,0.18909282870222704,962.0716557515254,0.000503732977216477,0.021960631781067236,0.021503774024649387,0.0,0.0
0.0,705.8617269563402,283.2116200612345,0.0003443167747782904,0.2566680465261111,925.5491907058024,0.0010334413693092548,0.022168240216130956,0.021656420778202665,0.0,0.0
0.0,639.1023777217503,300.7404268730327,0.0003249795234159376,0.2342540744834567,873.128650955097,0.000612213807230964,0.020439125597051595,0.019895681850246934,0.0,0.0
0.0,703.7984011021616,153.36782911317923,0.0002995222014090914,0.2702928375613528,826.106662993521,0.0004914565197907988,0.01954344781196789,0.01896315213580987,0.0,0.0
0.0,748.1609764990551,286.7995862368102,0.0002715595051192492,0.3053041368028889,1057.382365143529,0.002501655821950946,0.021438004278071382,0.020790856825064073,0.0,0.0
0.0,706.4393073878201,262.01101561743207,0.00026579091803274977,0.21924437259864668,924.2133327741865,0.0022392805368740233,0.02121737160302686,0.02047947769783272,0.0,0.0
0.0,654.9737393789225,277.2096337109475,0.00025720436808762735,0.2631646465426648,899.5225672414033,0.0006882740186604098,0.019795587283980183,0.019006416118655313,0.0,0.0
0.0,767.9616031425104,214.79484646322769,0.00024730697620371246,0.27928606717256765,907.9615557599828,0.0009622406275781629,0.0199086065815723,0.01916703519771109,0.0,0.0
0.0,315.28742150491485,129.72722099819373,0.0002601964642029964,0.16411986972840248,326.5036025041788,0.0004061018980250395,0.020474715882268853,0.019742357996586746,0.0,0.0
0.0,871.0142731238353,213.14269106338202,0.00026234553540421666,0.22812928137701802,1027.5598771999828,0.001765910533899246,0.020772577022131117,0.02001980593601926,0.0,0.0
0.0,448.8086452943419,138.39978873369046,0.0002518508773607185,0.16808458625657402,431.0645879300509,0.0011363118213766512,0.02094367957902501,0.02023254471763985,0.0,0.0
0.0,528.0895065712664,268.67917275465123,0.00024838747613364226,0.2346247371365176,705.6139608022406,0.002530676252371202,0.02164722294072135,0.021155972292039398,0.0,0.0
0.0,858.612316955379,300.3355671375131,0.00025496264065897874,0.2721795359740291,1156.7113587054628,0.003426983018879501,0.02298764195621634,0.02261936676948841,0.0,0.0
0.0,478.46044374613035,128.74148418359175,0.0002714060764941451,0.12812951527844474,595.3606204185572,0.0003340595427374255,0.022040827216161695,0.021566931436885727,0.0,0.0
0.0,691.9899061002924,175.10049682832096,0.0002763483579657811,0.1688656678977907,810.1410254555453,0.0005282381420642591,0.023224879809679067,0.022795535349855667,0.0,0.0
0.0,439.97566534551606,155.26989220156588,0.0002768306436683865,0.18055538646579092,463.6148648301134,0.0007264036153877298,0.02669254962995594,0.026471000685684084,0.0,0.0
0.0,736.928405962901,197.692832440709,0.00026603867961469743,0.22891030154085854,813.0491690134126,0.0027134561546698585,0.026286184503595707,0.026032468550758383,0.0,0.0
0.0,885.0539352314204,226.92407406297275,0.00026278049891916716,0.22646435485215322,1002.0944022129277,0.0006309124542677275,0.025677002731523714,0.025459650462079837,0.0,0.0
0.0,738.6389422495164,274.37600508390653,0.00025397309131612654,0.2527170012035869,1002.3696204792407,0.0010157093744996004,0.023228286250607754,0.023015198511073802,0.0,0.0
0.0,685.0398323906593,185.89895623446571,0.00025707440931369913,0.24659056254489087,857.6684918021657,0.0029275466123166523,0.020189767746320326,0.019766061901612314,0.0,0.0
0.0,860.0895471123978,181.86346278532588,0.00024385262413991832,0.23414083919024012,1124.8736723404945,0.0005457845123402435,0.019308426469187928,0.018822196567439,0.0,0.0
0.0,656.7712430350429,199.97715911653438,0.0002120749465576339,0.1845824122665473,825.9882397804269,0.0006468034760779542,0.016151374302023905,0.015579016160412969,0.0,0.0
0.0,528.833932470749,199.5650146303006,0.0001819488728259655,0.2789782592626908,623.0270459090489,0.00036926276997223715,0.013311035306223113,0.012733170851204314,0.0,0.0
0.0,887.376373941336,207.48536905021416,0.00017305073015087797,0.2038173167009102,1062.7917395261227,0.0024055280020909625,0.015159776424824509,0.01453669279836347,0.0,0.0
0.0,866.1794579468741,201.006308679337,0.00017369042535786435,0.21504259238003376,1047.3581260738176,0.00031972777378915917,0.017503323736604667,0.016871531596819738,0.0,0.0
0.0,695.2782387787954,209.0194026545701,0.00017214613815905467,0.23055095479161938,948.4471515204365,0.0021431348596525923,0.016525572446004354,0.015858318716060367,0.0,0.0
0.0,569.6462272071107,241.4094796658169,0.00017669788739566492,0.2848245818810824,762.8191743690579,0.0021327167005264127,0.014241705368102096,0.013702743738134003,0.0,0.0
0.0,490.0862903725695,195.3141391642398,0.00018862162932642356,0.19535108898777784,668.1878421478337,0.0012531596048529097,0.01839674410777281,0.018115647344587735,0.0,0.0
0.0,497.109692186877,198.0538761064904,0.00019526652389652147,0.20294112037734618,628.4647912942811,0.0018346021704492828,0.018607199653705168,0.018277337692300492,0.0,0.0
0.0,581.620687092167,233.47511350494364,0.00019401261623323054,0.3544225718697717,622.7251219987685,0.0005048817498192932,0.017229623527718518,0.016704565575483374,0.0,0.0
0.0,804.6632328452924,151.16991426506345,0.00022758970998758402,0.22700071852554116,920.3756135815865,0.0013845864646712734,0.016084756191315,0.015517975438297556,0.0,0.0
0.0,603.7902582948902,348.6391889583548,0.0002878099324209702,0.2436805820303127,796.4286465665054,0.002281259879314521,0.017603899642494418,0.017418108413231194,0.0,0.0
0.0,544.6015471045254,230.3661721334249,0.0003612745857902587,0.14591429032778302,646.0752589342387,0.001479772886361995,0.01590461268125649,0.01584032528069658,0.0,0.0
0.0,718.1610509822262,337.73169398883346,0.00041268499933926213,0.18347207266797674,1066.15523009897,0.0005296913887470513,0.016112948988254234,0.015941426361276167,0.0,0.0
0.0,686.6001456825563,206.57161360486464,0.00043102614193969794,0.14299484408293883,885.5855078605306,0.0010878223488468822,0.017492316240212274,0.017313330669307337,0.0,0.0
0.0,733.503847745699,153.863544761643,0.000435757010183154,0.19732703837301482,847.1676280917521,0.0013943071856633098,0.015147379683665642,0.014804599350884408,0.0,0.0
0.0,929.7720223371985,300.65517151421375,0.00044099726149360893,0.20147209374240424,1195.6250091176087,0.0017210448033933075,0.013770283108448715,0.013298016241316057,0.0,0.0
0.0,661.1543243899438,201.57205430397454,0.00043919680892005907,0.23794564203810306,764.5474644587584,0.0005564235171839349,0.018051451797812857,0.017490570271444326,0.0,0.0
0.0,438.22150694102226,285.7719676247074,0.0003885089370785504,0.25598131825516174,786.763146765055,0.0023304587377511237,0.021024869145068736,0.020515136341500026,0.0,0.0
0.0,889.1712368419954,317.508395981816,0.00034809439530301864,0.3151250477113297,1200.248770003315,0.0005023981626212419,0.020989981585715654,0.020305600957483298,0.0,0.0
0.0,586.9063796983115,236.4528035144288,0.0003307797523719597,0.25128428510991974,562.8647915700781,0.002345379686052477,0.021787073377566177,0.021030907134529882,0.0,0.0
0.0,847.8330259393903,221.16212740253187,0.00028375240604664126,0.1161216381065628,972.867185052556,0.0013143679337998266,0.022089646475784208,0.021338288610972603,0.0,0.0
0.0,986.7406031129782,233.29486534579064,0.00022719568406560366,0.1704442323097171,1161.6763433257652,0.0027594560318831276,0.023075694404534074,0.02234712866291952,0.0,0.0
0.0,644.889759662811,274.1358631808936,0.00017964213480198748,0.2653632406423597,779.6292996817426,0.0007631930678510348,0.02273908918349302,0.021971317720748416,0.0,0.0
0.0,768.8239390856036,230.95192278466058,0.0001837817715960337,0.22264553271527693,935.7748369114184,0.0007408199027867197,0.022969920923780994,0.022322880745236688,0.0,0.0
0.0,592.1319401424785,295.59493204788885,0.0002194694654173615,0.2446141523272987,691.0237701176311,0.0012447516783080674,0.01858105959288567,0.017783333208905572,0.0,0.0
0.0,491.15392145476585,247.94352506603477,0.00023847972230967005,0.3160637892601581,730.2094327169095,0.0005075613167974196,0.021488862808694414,0.020933104184652034,0.0,0.0
0.0,569.4635932092777,336.17258408876137,0.00023557917595458408,0.2632528242774482,861.2920231671801,0.0006444669956994418,0.025715102280110803,0.02549070508754363,0.0,0.0
0.0,445.6614790838546,148.12533811261827,0.00020834524413015562,0.1558667176106472,513.4471020753924,0.0018174364913949152,0.022030303730008794,0.021656250862835274,0.0,0.0
0.0,627.9300138147055,190.74020463843505,0.00020669226002716413,0.283752521626248,763.1457382259293,0.0018463547229162136,0.018593880858814072,0.018196150844362748,0.0,0.0
0.0,572.816385164578,85.58344889090394,0.000247373642181957,0.11281973419715934,617.465480163142,0.001954233396641828,0.01812935733330055,0.01766906000782678,0.0,0.0
0.0,568.0078359622141,145.36676476560262,0.000295091111992069,0.21042167744591653,723.4643081722162,0.0022304583967126734,0.01715746886588274,0.01645368191467491,0.0,0.0
0.0,486.37633927987605,182.27159076969167,0.0003312513852485796,0.17488443252222602,590.0974907078911,0.0004733178539236805,0.018531187160180963,0.017793695059672127,0.0,0.0
0.0,622.8007557097206,281.04302293342096,0.0003461353418625162,0.12431830639756355,831.9105852309308,0.0004939525631818785,0.018438737021241214,0.017770360384301333,0.0,0.0
0.0,585.6587779834018,171.68794389545837,0.0003543057443786121,0.27258081164375414,795.1835029230887,0.000527951909450714,0.018366116341390855,0.017698617027864117,0.0,0.0
0.0,559.6150476035863,250.93818961424742,0.00034058989509351697,0.2740028992700564,732.6216665525812,0.00022633728699853045,0.01904091092707358,0.018484005676633337,0.0,0.0
0.0,710.5719883981806,268.8585900021992,0.0003046873783727328,0.23696697095315086,994.4345365947249,0.0020027506637990537,0.021451096204233095,0.020989027299689572,0.0,0.0
0.0,493.42972082224287,185.4944572047597,0.0002534104468095845,0.16023293907739639,753.0108235280288,0.0018881795070551522,0.02135185060336947,0.02084285293246309,0.0,0.0
0.0,794.1546249600825,211.9866920683881,0.0002571279872200033,0.22142023264294192,991.8790837746561,0.002009731228211766,0.02031963098190606,0.01989980038252053,0.0,0.0
0.0,734.7061044563484,115.07251146535886,0.0002617810695653522,0.20374297498948285,804.7907074672102,0.00106050753447972,0.020912227286066846,0.020599322313530066,0.0,0.0
0.0,996.1638989625109,321.7459835230988,0.00023552294549738023,0.26381591149633177,1471.0905587759783,0.0008525925931028591,0.021480994714568415,0.021107621029236415,0.0,0.0
0.0,603.769025316175,194.70910826032986,0.00023206364884452476,0.20560779408079075,780.4486985815594,0.0003163708215750747,0.021216103997618013,0.020749359222398407,0.0,0.0
0.0,541.5800924061289,99.14454173878319,0.00022885050762613685,0.24552343681078098,763.1182376321829,0.0005486041682971526,0.020708699345478764,0.020104386197206427,0.0,0.0
0.0,872.5022270693624,267.52275483822245,0.00022236186830486664,0.2019915550461229,1167.8311248734549,0.0006424235912530543,0.021085225107250256,0.02046361106688909,0.0,0.0
0.0,633.6283668222718,241.28786056263164,0.00019928352347013692,0.2102243749753967,792.6739586439561,0.0026514947335009777,0.024730344400879522,0.024193989441453716,0.0,0.0
0.0,409.66854886286586,200.38174517031862,0.0001865552839482504,0.20695280614728764,587.3309325879342,0.0015423093555377808,0.028460018315580947,0.02788947427710534,0.0,0.0
0.0,986.8098385599302,300.35069618684196,0.00018330492897958392,0.21632514591438573,1216.16711662927,0.000513642531081524,0.030724433537586214,0.03019913825969485,0.0,0.0
0.0,615.56763611272,186.4967041062143,0.00020672039144811605,0.24645497766276891,769.6876178070002,0.0018387227541568623,0.027579849023119486,0.02696922511271964,0.0,0.0
0.0,762.706551142589,279.55903763815144,0.0002469146437175417,0.17450995957056795,982.3648530898257,0.0004320575476052915,0.02203947923842374,0.021321899709295253,0.0,0.0
0.0,631.1082162319202,282.8254388938485,0.0002600249505942114,0.11914900772840198,850.5312307876738,0.001079335360075291,0.018852545295764866,0.017908483655659214,0.0,0.0
0.0,782.8791076981431,270.8255667422152,0.0002775485526796738,0.29166140546892927,837.0018828081282,0.00020457605619050363,0.020052318931912096,0.01922621336985149,0.0,0.0
0.0,659.561437740723,220.41168606649535,0.00028533716156388893,0.16685925332352142,874.8588636750699,0.0005599804874698807,0.02340104625610533,0.022708177572616617,0.0,0.0
0.0,519.489718647498,298.10423173624895,0.0002895373046998665,0.23863182379112186,785.0246198769617,0.0003083307943756968,0.020404734468550238,0.01974469285785745,0.0,0.0
0.0,843.002637420298,279.2608826442693,0.00029497661134391805,0.15319775114131784,1025.622255716028,0.00040438043277472814,0.01727005775530255,0.01681232147401947,0.0,0.0
0.0,479.86257938353646,210.51477439444074,0.0002930876086145756,0.22097346918534724,659.4284441119993,0.0006060570497124532,0.01618146009214221,0.01596102823458311,0.0,0.0
0.0,377.83486444911557,160.51991672544128,0.00026953133617751247,0.305689871069226,474.42511069660736,0.0005720828363902866,0.015787047424216893,0.015585375755022553,0.0,0.0
0.0,562.4177653465481,183.9959233196232,0.00028505549263872006,0.2653564404314334,838.6666701350613,0.0021949743558721726,0.017137189012302115,0.016944614805738053,0.0,0.0
0.0,598.8527512367001,189.03673206012684,0.00031638637392749887,0.28286124344517866,645.1481870561951,0.0003951333776471126,0.017900543220132334,0.017767302419106366,0.0,0.0
0.0,436.5691075391608,201.225850988132,0.0003645664984468366,0.22788186664212595,498.0489396224371,0.001117229732345699,0.019820634782052107,0.019569012660073427,0.0,0.0
0.0,831.3840980569042,158.21979247320692,0.0003898516193103021,0.23513202010351056,868.3487703884855,0.0007289105069172161,0.01952902707735509,0.019283082760033245,0.0,0.0
0.0,666.4420892491364,268.2185747565104,0.00040517074479022765,0.21244071544035406,902.6316178561335,0.002743422382102157,0.02202795095080638,0.022026597702646384,0.0,0.0
0.0,672.6524694889815,149.90914515390824,0.00043097192354432705,0.17194451592367851,812.6532206283636,0.0005807365887719566,0.022697135821298165,0.022686453628968706,0.0,0.0
0.0,690.6761551954656,302.22048239656255,0.0004002888422110113,0.20071295699317152,1114.5980065635167,0.0005934675162480292,0.021472090432354176,0.021174755054504654,0.0,0.0
0.0,814.0023800831755,272.6653916351599,0.00035296094379938764,0.1105744920223275,1012.030519570118,0.0008028032863102967,0.019187456304025262,0.01895619079454902,0.0,0.0
0.0,534.5339670864208,201.10562726792298,0.0003314323091270339,0.10333259311165445,732.2011919548238,0.0015853365392575539,0.02051437353003332,0.020263956581345763,0.0,0.0
0.0,682.81585778483,211.91979293483357,0.00032477143298490364,0.23303842617155407,796.8241544435504,0.0003076862521357209,0.02348085841837607,0.023142305845644064,0.0,0.0
0.0,751.8175189310887,179.7066371215306,0.00030405347510856695,0.2807751945114675,950.5455002577947,0.0006738612123915435,0.019864778978179187,0.01925520693628097,0.0,0.0
0.0,746.6986127250701,191.974955364932,0.0002455408414252469,0.17642039551130922,838.6573682849241,0.0005480909399597295,0.016971105756831348,0.01641677779787844,0.0,0.0
0.0,594.2771862798458,214.9430947780758,0.00018885332122252384,0.2576914724852247,778.5335510566019,0.0004446948933258776,0.015317710856121047,0.014905707901618659,0.0,0.0
0.0,455.55611752616727,187.29866994547456,0.00013826390600904599,0.27611438355663626,653.4991196266411,0.0009331494396882629,0.013209947923819776,0.012772897875289766,0.0,0.0
0.0,978.3185083299215,131.6209833193054,0.00012638389238517168,0.1722531755216165,1082.8481347048264,0.000696484211615516,0.014101810303882337,0.013525560438665252,0.0,0.0
0.0,717.1771162699386,154.5925909444535,0.00014015969945754632,0.24952698857930422,1004.9849114760972,0.0008991303386037963,0.017363692419861475,0.016783953028789083,0.0,0.0
0.0,653.8317411932359,208.12805413073562,0.00016775709871899894,0.2032529768320164,702.643176792646,0.00019113921131559027,0.017043693056155097,0.016640468099226462,0.0,0.0
0.0,555.8765570654914,182.9022754445523,0.00023235817885782406,0.13767791450113243,691.617910036059,0.0019187978443215895,0.019712521635389352,0.01945220814815835,0.0,0.0
0.0,465.09575125037844,218.69710700535703,0.0003260878158453044,0.2077597722956515,621.082886027667,0.0005515398292644462,0.023116993713815776,0.0230000353289696,0.0,0.0
0.0,519.5827192913222,231.83889843276322,0.0003648064093768094,0.16172758716175006,637.6730177502491,0.0005555194866856756,0.01972726644367673,0.01929481781161694,0.0,0.0
0.0,617.0438891268122,197.1167312409114,0.00039054211541904576,0.22694015750861124,897.0375826253018,0.0019205506120356553,0.021640275292481533,0.02072420111689435,0.0,0.0
0.0,794.1644094430789,238.99781302524872,0.00038762165107096943,0.25239522798484887,1005.5312486049762,0.0006042480280603952,0.02159440666692696,0.02058877794579668,0.0,0.0
0.0,619.2491391563361,187.4221049586766,0.0003498353906373774,0.1187936892076873,726.366841094334,0.001101561235661182,0.02183527246961551,0.020767277199353475,0.0,0.0
0.0,640.4964582388791,243.0529761453535,0.0003095014374971694,0.27771732011745554,906.8812640363224,0.0006762946567231819,0.02220536223740045,0.02120262700480974,0.0,0.0
0.0,898.0050617292221,380.5219979694393,0.00027775943393837566,0.19937178510681616,1309.3717195287875,0.0013088554793419568,0.024253677425477252,0.023405136127141388,0.0,0.0
0.0,808.9423727326588,210.78625423622253,0.0002645681709216121,0.3035280042675001,907.5512349471834,0.0008655038371009654,0.023882235293293426,0.022976033698846637,0.0,0.0
0.0,572.2965751672451,319.1059141856058,0.0002570476494106994,0.2759426913256214,815.3561045156082,0.00042308505387999125,0.023704178218201817,0.022949224001410445,0.0,0.0
0.0,847.2197185234558,248.95996181134407,0.00023518751545358035,0.24992306864945707,1009.8457367826537,0.0004489185546839148,0.026035434903466374,0.02536888302784926,0.0,0.0
0.0,583.6463951785789,162.7196851955417,0.00024286894796829507,0.14283639329100112,773.4734559650412,0.0018381051551298083,0.02463901188926986,0.023792042603726762,0.0,0.0
0.0,529.9218928145629,138.40278918950725,0.00025081189008602955,0.2978408848304663,624.8114707920037,0.0021076213347962845,0.02087896079655637,0.02002498196193342,0.0,0.0
0.0,943.1723132146859,281.91209522198466,0.0002666562053446712,0.209529405391772,1078.0956378187823,0.0008795134048905018,0.02288319901530803,0.022098692258408485,0.0,0.0
0.0,620.8531084602046,270.04932278472455,0.0002787105194911074,0.2989613956782872,964.6939758409986,0.0006271500637420913,0.026434275019271716,0.02569428916404391,0.0,0.0
0.0,760.342662835832,224.72235940191746,0.00026563165371056355,0.13520717624011283,855.966537720291,0.0012411408016469306,0.025565649969029897,0.02450989726070577,0.0,0.0
0.0,871.9751797977898,206.4933984329333,0.00026917176605900016,0.15351201959662353,996.4627925246252,0.0005571100343116747,0.02388337770550291,0.02268874723170674,0.0,0.0
0.0,763.4167239101479,252.01311785668221,0.00028531355533841966,0.1815307957620765,790.8717257949255,0.00028581611804656475,0.021526701181258698,0.020402105422104914,0.0,0.0
0.0,457.8320354197523,206.26648292050422,0.00028581282422801904,0.17363516979404134,631.3729885760354,0.0019736435455162543,0.01945794050657656,0.01847272144693188,0.0,0.0
0.0,396.44622344749973,292.9384400844445,0.00023924010333433715,0.22480121738580033,665.5768522025364,0.0005779166351568893,0.01948319035736045,0.018680061507697288,0.0,0.0
0.0,397.42263570157724,231.88994299567332,0.00021316088558522494,0.23474505017178776,512.9104383758956,0.0006762877581807238,0.020270023930763954,0.01972978663160001,0.0,0.0
0.0,561.3922274140835,105.05340588140004,0.0002085161049766868,0.18490772618517465,563.2055154640396,0.0021219752927325738,0.018530268116227638,0.01798944593340236,0.0,0.0
0.0,679.1618347334618,207.79068821504248,0.00020638947123730975,0.16773774199100963,909.2272888086474,0.0013260543366632664,0.01631224726586528,0.015840087404413655,0.0,0.0
0.0,713.2608163122185,199.95781880170702,0.00021778628130920895,0.2760983224811229,914.8475598884304,0.0010583086400134834,0.015653782712319427,0.015258929130235402,0.0,0.0
0.0,803.0711269763724,248.54997108626594,0.00023009561830025606,0.25628893653457735,902.2374416882802,0.00047762794487713086,0.02110898732257911,0.02086177608922032,0.0,0.0
0.0,651.6480097845449,195.0768148679054,0.00023639807095029213,0.19249953742030615,907.2450897253807,0.0005572980100194997,0.017831001883647033,0.017452546284037782,0.0,0.0
0.0,581.4891793442639,208.37644001500365,0.00024567561104982613,0.09920217093651443,763.9282683463477,0.0011746302017929297,0.015685933816467962,0.015493437677441158,0.0,0.0
0.0,493.0573603445576,249.94258858839018,0.00025078391310225106,0.1894659227146696,579.5198044630104,0.0019404164536706559,0.011225189961544734,0.01115203811834694,0.0,0.0
0.0,705.4205524676019,187.42306225700924,0.00021154231281187187,0.16143013425481198,689.9042268860561,0.0009272788746246471,0.0104443125587806,0.010044433514094168,0.0,0.0
0.0,730.8257628543129,169.97595495277514,0.0001677864108929652,0.2836265129074159,803.9385204428852,0.001787631178174639,0.019617414904158016,0.01911871403647352,0.0,0.0
0.0,536.4760779130829,143.98343690096533,0.00017160396315786888,0.26923085763558546,710.7299244507632,0.001993335114469516,0.02192233396730855,0.02111248376653145,0.0,0.0
0.0,695.7798769288529,261.3126285584778,0.00022899010798079346,0.14644027078758892,948.8459193913029,0.0005354723483254656,0.019179835967943443,0.0185201175202688,0.0,0.0
0.0,528.6833325754407,162.66163711524183,0.00024027562890798314,0.3428967092791697,731.6786244392961,0.0009736228672603811,0.019383141793904487,0.018831409564408652,0.0,0.0
0.0,959.3856192127511,264.11562761049737,0.00022948146113656943,0.15941313475868432,1109.4308562609106,0.0013377762324877527,0.02204820901929661,0.021465888244031266,0.0,0.0
0.0,449.4731643482264,208.55761438451782,0.0002154173578452163,0.24906357588856415,713.188807074045,0.00031688202495685363,0.023643793824026364,0.02287333079424416,0.0,0.0
0.0,780.2873723784043,262.508961037934,0.00021495365208513067,0.18581589990045191,1050.9872174183265,0.0005292174794326851,0.02302993110292211,0.022422913793389683,0.0,0.0
0.0,805.8056060568548,317.98305447223123,0.00020143914366726646,0.2541225383885211,971.9079060706043,0.0002905262105473512,0.018319704858615553,0.017770326719853336,0.0,0.0
0.0,562.8194680044361,134.39271611691177,0.0002013804766813487,0.15281016275684342,560.8145608634437,0.001148291536380136,0.018135276249616594,0.01775198201293067,0.0,0.0
0.0,688.0469733796555,312.8559003674407,0.00021476922964164914,0.1375071643338974,921.2352771844958,0.00031736798352808296,0.018933410599222007,0.01856359201256898,0.0,0.0
0.0,535.6784175595187,338.21541362359994,0.00021750839819048375,0.24078048917635037,748.7727555467578,0.00033942759422981043,0.015565519188437037,0.015527949646977662,0.0,0.0
0.0,901.7112827886932,281.40784359359463,0.00024154978886495033,0.16578650859527827,1059.7305510933122,0.0025003281203177467,0.011444093191842942,0.011751626086748656,0.0,0.0
0.0,864.9828944854229,380.79020227181496,0.0002826321991237378,0.12335140298364586,1143.5667503757245,0.0003897455027744288,0.008570067971858907,0.0086475622319481,0.0,0.0
0.0,678.109507189993,209.30385023524778,0.00030156069104488563,0.2620107666944448,716.0431008170276,0.0006214120225717755,0.011770932862770554,0.011772792693833998,0.0,0.0
0.0,655.5920489314925,145.21073346389701,0.0003196175498852613,0.20523447899708552,697.729160417326,0.001587721000405258,0.014210828757547008,0.014165235084617782,0.0,0.0
0.0,478.19615581790896,90.05135075129564,0.00032488685893381517,0.25796528354432463,663.599274282701,0.0023712368037443004,0.012363267203582586,0.012451486970154394,0.0,0.0
0.0,754.3414169465714,271.84259770264157,0.00029372169215939934,0.2240263002474689,1048.2369795075845,0.0003917803527472182,0.010909603702176092,0.010936825436738252,0.0,0.0
0.0,805.7720801080617,257.1060118011492,0.00034432261001623586,0.12406845413787786,1043.0826936172393,0.0019444668800312564,0.015225763644020604,0.01522700289151211,0.0,0.0
0.0,497.9798908385106,146.4249656196868,0.00035085174721339766,0.24623195590836766,686.9460695470592,0.00034711747403485806,0.017295676222586074,0.01689933761128072,0.0,0.0
0.0,439.7237639338513,304.90914635656776,0.0003439249728959967,0.1708968201116164,613.2575100935693,0.0005501404541203115,0.018522989391650795,0.017967097275888678,0.0,0.0
0.0,589.6157987226105,210.6593063253879,0.00034486646964899796,0.2564648255041933,822.7663983300251,0.0006323974089352613,0.01916266798088873,0.018770386276897238,0.0,0.0
0.0,526.421891280957,152.06160037366084,0.0003275485306688718,0.30696197946787196,448.8800995128886,0.001973927776626991,0.01650739615945847,0.016110112440767228,0.0,0.0
0.0,737.0439631776494,234.86255183740357,0.0003029375653836536,0.26427097267836797,1001.992105904815,0.0016029759053829116,0.017070906668213984,0.016587096544047577,0.0,0.0
0.0,512.4479487294421,247.45930637513447,0.00029281152931873405,0.15672533509047817,718.9050826065501,0.0002779764165201,0.021568511474624352,0.021097180183021313,0.0,0.0
0.0,733.7328144320887,248.8524429057286,0.0002588981395716851,0.24781954496300002,988.6808923885102,0.0019613438445708173,0.022832391034799573,0.022398551604871222,0.0,0.0
0.0,606.0151722645054,271.1891052172035,0.00019926946080061757,0.19022390270214884,738.6768806394435,0.0005788899866494158,0.024389982581759614,0.023794331495807702,0.0,0.0
0.0,630.8744177139706,251.24430738137838,0.00022163482339786282,0.20467248622170958,792.8373361122335,0.0018418706083233559,0.027816122880035942,0.027362229845855263,0.0,0.0
0.0,707.4387147415965,223.15947583127587,0.0002728705405319343,0.25942593292326466,842.6117838643473,0.0010239290092209387,0.02826331388899138,0.027871944730027638,0.0,0.0
0.0,639.8889578183845,225.68525256533516,0.00027986981257601995,0.1784303828755003,815.3433906254601,0.0005599880168969767,0.0269397060734084,0.026610981378683736,0.0,0.0
0.0,422.56251097517895,235.7523526302881,0.00027885187070613533,0.2029838421911687,522.0087638080009,0.0005036122260631016,0.024284867100576965,0.023945067964978115,0.0,0.0
0.0,706.9416476055161,301.32704330382313,0.0002892090630225794,0.2612070084901049,1003.0787009848177,0.0014428330054317166,0.02468986311356096,0.024379208921565143,0.0,0.0
0.0,839.0741908005165,227.77364661332058,0.00027615304601889546,0.11708382011611915,932.6917739434764,0.0003956666828783534,0.02554316356109628,0.025073770664944487,0.0,0.0
0.0,628.6097366569321,205.53291644009653,0.0002830235952029826,0.17973695137348464,765.382645577991,0.00038955417677807196,0.02591590904378491,0.025659578238365458,0.0,0.0
0.0,683.0752081245626,241.45166648476072,0.0002748647772740401,0.19930128816232912,818.468209576309,0.002577006689451923,0.023488100063911277,0.023135176200118335,0.0,0.0
0.0,695.4925695923005,269.3890167402676,0.00026844418512625754,0.22740482131690096,701.0339676100753,0.0019261059696375055,0.02363137318069606,0.02319758143869499,0.0,0.0
0.0,702.4642632686636,209.9795846644317,0.00028396287974871167,0.2489581328923523,759.7508123387076,0.000799774254712993,0.023469245206088823,0.02309222160607643,0.0,0.0
0.0,436.4532426120842,218.7826397739617,0.00029519165497264045,0.1290017651009483,568.3949456375569,0.0020257082062347443,0.021338706031388082,0.02095589628959397,0.0,0.0
0.0,762.2422277116492,239.9965907748989,0.00029104411945173904,0.243139923697651,1006.4743976133507,0.0003315094980443241,0.02420311249838542,0.023909512695557546,0.0,0.0
0.0,853.1215079144561,254.46377392805218,0.00026361522293802603,0.36505660916272153,992.5183719940902,0.0015011765726865715,0.020378911893579616,0.019960726972293313,0.0,0.0
0.0,839.3492514325799,323.3512889962011,0.00022677399460671485,0.1618227270290364,1063.8434421412287,0.002037642067522001,0.017938936119902472,0.017587244276044658,0.0,0.0
0.0,878.1199471335568,328.19513714318435,0.00021754802659802014,0.3235457313577909,1141.1252353167238,0.0007104161790093609,0.021262044739222847,0.02106932495986159,0.0,0.0
0.0,464.04614557047137,225.47239299036386,0.00020833840176021128,0.240414782501571,646.1528999111308,0.000720260639686969,0.013080980398303478,0.012739967056860384,0.0,0.0
0.0,796.4835444679798,256.44230300678424,0.00020140078470045296,0.255559581374839,1115.8473077279893,0.000488027378228048,0.015440075953429734,0.015264698889250201,0.0,0.0
0.0,603.9871303426402,184.61250739827577,0.000215553948183834,0.3154255598001654,867.3785883375485,0.0017353452010418103,0.010913366780685876,0.010576273361401827,0.0,0.0
0.0,545.1735394640426,190.49566944539157,0.0002194944139149495,0.2346561928559136,709.3773876269966,0.0003834639398656262,0.012483607814744327,0.01252989466770094,0.0,0.0
0.0,858.7386149138091,241.49984457530277,0.00021950321890732916,0.17206325314536933,1038.802903184865,0.0009142239691270938,0.019202867296343105,0.019277806990076897,0.0,0.0
0.0,677.9250148246081,254.89718353659876,0.00022179923559257394,0.21645954390476682,944.7171529828091,0.0009252107165450867,0.020557519808517437,0.02063968286154271,0.0,0.0
0.0,702.0538467001904,255.0013247579121,0.00021281555548362293,0.2721838370510637,936.6923265777347,0.0007349937009548287,0.019320843959591008,0.01931949948607885,0.0,0.0
0.0,548.2846123653446,277.2933128727675,0.00020190859817452092,0.23267518209033902,839.8265288832129,0.0019704889776779163,0.02476109622262248,0.024664529611061317,0.0,0.0
0.0,620.9909429786253,175.07812376025913,0.00018934404585813162,0.26570700672557185,820.0500718262595,0.0010047071254977588,0.027976050300709036,0.027834112618974886,0.0,0.0
0.0,763.4459397064792,279.53966616249403,0.00020633525105681784,0.2617572526725838,898.0992056315336,0.0018801949860153323,0.02933591630229688,0.029176774572282557,0.0,0.0
0.0,667.0060470162821,347.6870359365084,0.00022224186859187573,0.15575459512799636,894.2923364923741,0.002032464798727079,0.028804149021816695,0.02845721752905595,0.0,0.0
0.0,737.3404640370344,236.22130192086365,0.00025609464620717144,0.24663369808757013,1058.3339378321446,0.0018635323797884784,0.03457165859639659,0.0344049535988454,0.0,0.0
0.0,956.3257836656239,282.16194660502765,0.0002650520259294757,0.23375378320439733,1161.6541661631065,0.00243453935374753,0.03322953441107527,0.03277733509763581,0.0,0.0
0.0,465.15491030575026,236.44123866217808,0.0002791607925315673,0.2198925548886156,508.78974237040893,0.002269777622307197,0.03207741875340807,0.031286206492486625,0.0,0.0
0.0,585.6860398159565,162.03346034868153,0.0002619048979470708,0.30259268224887953,890.8390204651336,0.0026671370473973673,0.029883165583706024,0.02905233475541794,0.0,0.0
0.0,500.5530211172974,213.96158645355965,0.00023723867199444527,0.15034430291427073,625.176239975821,0.00048072102794951383,0.02631293016587645,0.02541806631200486,0.0,0.0
0.0,611.8102475313838,253.91978451624206,0.0002200095982036255,0.3003099809300585,669.1306658523395,0.00029658937375683363,0.03042815487702225,0.02944599525070671,0.0,0.0
0.0,772.1296999134694,303.5610437194344,0.00021187680556385532,0.27329436647173677,1072.200326655814,0.0003544971483371345,0.035193957020267265,0.03432670162230514,0.0,0.0
0.0,687.6359323336742,213.78269999288514,0.00020620211894735902,0.20359836340265383,784.316980018834,0.0016439086937439554,0.03164353953032268,0.030739324068312122,0.0,0.0
0.0,1142.4042705233178,460.5728939591228,0.00019147837759438314,0.1603456180166693,1551.5914776291238,0.001736581611903309,0.02565423968179009,0.02466627246177662,0.0,0.0
0.0,951.7661255873682,250.801088298219,0.0002175486211633595,0.2565497231777121,1170.3469808849895,0.0011226346658279474,0.02354299501153286,0.022551898274268595,0.0,0.0
0.0,621.6641718882938,224.8243629388215,0.00021623404936833206,0.21924773489509475,831.5397921766688,0.0018275655533143208,0.023525342175640885,0.022953511164400548,0.0,0.0
0.0,670.2488834313466,218.32927198007877,0.0001827099094285979,0.15658928992301427,835.8585037566411,0.0005805682760795283,0.023769155146108705,0.023424660281212602,0.0,0.0
0.0,530.0412921483871,298.0850134859057,0.00017877598422809626,0.19020050833007343,711.9071143450653,0.0019052925537484519,0.02708894084582843,0.026626165659959757,0.0,0.0
0.0,826.2959959013234,218.52381996586374,0.00018890711084815415,0.22973965236532584,1041.183345338965,0.0005570533262644181,0.028484764553934987,0.02774343822650435,0.0,0.0
0.0,826.7384680629544,263.5884776283753,0.00020088414975462387,0.1281054436938985,1023.0579731239668,0.0023780172664533738,0.028577021504214508,0.0278681574562776,0.0,0.0
0.0,615.1341568617337,214.31816142458806,0.0002162016697736171,0.168633908992563,653.168910160421,0.002358038887093086,0.028399210690274602,0.02765734165516542,0.0,0.0
0.0,811.3479279064816,262.9710026907127,0.00023390878641173018,0.28351515729872073,1029.704705667504,0.0006042467792401538,0.029617877544362903,0.028971175434066205,0.0,0.0
0.0,426.21594637267185,161.4463738485542,0.00022855172714252405,0.23720157176847162,589.111073477981,0.0019525355782848647,0.031192642444081972,0.03043469654951771,0.0,0.0
0.0,529.66470406561,243.75484650757693,0.00021788638225944877,0.2277566364029712,648.096773183733,0.0010529575837060555,0.03286787003845066,0.03194986883006237,0.0,0.0
0.0,502.31843805030627,149.73861828281423,0.0001874103251178482,0.23487126714764903,640.6292174686379,0.0018432132901109045,0.033983121606528686,0.032999283207010593,0.0,0.0
0.0,448.13071202101014,87.84470638925661,0.00016054945469170045,0.24581604819102734,507.45740275397947,0.0003955436693519943,0.02800877482332255,0.027211376321639596,0.0,0.0
0.0,823.2453349287402,219.0098565257732,0.0001642172613675044,0.18002098947675144,940.167909030246,0.0004953753489204627,0.02684054501504284,0.026221296957359374,0.0,0.0
0.0,461.1811813376154,204.93573619971173,0.00015355887752723418,0.2604969185699889,694.3474726702598,0.001402384330311779,0.028898750585796294,0.0284395556633441,0.0,0.0
0.0,697.6828280267524,272.010008925489,0.00013894587816984933,0.2480080307127091,717.4609069911327,0.0010973936743061935,0.024915272219993945,0.02429370547946266,0.0,0.0
0.0,743.2624972521298,130.43016815577732,0.0001727914893976059,0.2728741228918326,879.365005576639,0.0013681397959634987,0.02639974818495899,0.026039154980111175,0.0,0.0
0.0,653.7760106600448,139.64654784779202,0.00020699688462384795,0.19572769878711632,692.4679916991777,0.0007839973773201499,0.026346805892341216,0.025986559466077624,0.0,0.0
0.0,506.1622361129417,185.9181469009112,0.00020130148372134255,0.11444516606352022,595.4863716162735,0.0007494082827650781,0.027131047686968668,0.026700814355765195,0.0,0.0
0.0,587.3081254598371,237.78190637771385,0.00020395074655960965,0.1854491258475251,586.9081185212281,0.0011637904366416049,0.02674556696217948,0.026082238371022106,0.0,0.0
0.0,643.1657043916941,245.01809537128855,0.00019434027025302654,0.1736345237978388,688.5948149526247,0.00044883891757448364,0.025186174442711637,0.024688345043643357,0.0,0.0
0.0,887.7136593384098,256.36360073367587,0.00019527757236289454,0.24972062062100936,1171.9889082421791,0.0030656220191752574,0.030296017590733304,0.02987606537993543,0.0,0.0
0.0,556.3207603303325,307.68374146045136,0.0002346537844120153,0.22921748447664655,826.369525622537,0.0018697916688356455,0.03378836861723093,0.03346459897966703,0.0,0.0
0.0,578.2498227341739,310.4411076451637,0.00023644110033260168,0.2812300793355834,570.8977740869421,0.000292844971454435,0.03333747636873482,0.03308905879557391,0.0,0.0
0.0,777.0309304222862,235.27940111844146,0.0002617249934719817,0.16492095144353786,964.5925534106341,0.001846661708489717,0.02757788489856721,0.026904723960748455,0.0,0.0
0.0,701.792367548653,244.66169015751052,0.000294448127660792,0.26954117264401306,917.2178494648181,0.0009194275251885522,0.026330559546384392,0.025630724013975224,0.0,0.0
0.0,836.7161402161718,255.38584458503254,0.00029798366109105455,0.2500835163689962,1017.175799601049,0.0003891757442316041,0.02429799946443746,0.023487978638464517,0.0,0.0
0.0,429.4973425455891,157.4931517018595,0.0002572013991187895,0.11122393710927313,545.1164233908731,0.0010961512015824424,0.02389990424459225,0.023034938163083874,0.0,0.0
0.0,578.9726124079313,195.56891089199286,0.00024365665538552216,0.19277361165199744,646.7010044720955,0.0006247057281228927,0.022810431463315992,0.02209786704983189,0.0,0.0
0.0,630.417936275319,254.72680499213917,0.00021366963906879028,0.21511519795665354,800.5306974515952,0.00035547949817505266,0.02394341644924871,0.023524527436080144,0.0,0.0
0.0,479.1114648681739,220.3431210562062,0.00018725492450667868,0.13861121774859186,579.4443584155357,0.0010071855516565905,0.024466291017294337,0.023830482534817347,0.0,0.0
0.0,535.5972745366298,285.23134094620667,0.00015724119164909088,0.20677079992896993,788.6941362666229,0.0007432747043831882,0.02352958955703589,0.02264308263111547,0.0,0.0
0.0,790.0747357526666,126.05761535138122,0.0001514895754616271,0.24233018542108697,848.8219737651282,0.002749931852051924,0.023591602405222737,0.02264807186755366,0.0,0.0
0.0,427.65612033914226,255.3231197977829,0.00015520680836347595,0.1948712939948166,549.7594299984905,0.00027843758546122174,0.024875733677517067,0.024056885871950078,0.0,0.0
0.0,614.659682381697,218.9110435777846,0.00015403614066832128,0.23039566486343507,776.6228743081235,0.0016156945017871986,0.02572186493938885,0.025099812979867905,0.0,0.0
0.0,460.8997418526018,276.65759376965656,0.00014125738116476551,0.18213856745366536,638.1531190786466,0.0006432248109926118,0.023518482450923,0.022982986771311723,0.0,0.0
0.0,601.3570208668941,321.9316293649431,0.00014885724485429687,0.2990073211859527,765.7499159010245,0.0006535346329229236,0.023639058139575748,0.022988131640459316,0.0,0.0
0.0,684.831553519811,259.76256202892324,0.0001338912382979993,0.1641109144177156,857.9949080541329,0.0015625552781101779,0.020870940248384692,0.020216637315870815,0.0,0.0
0.0,582.9415676221325,277.611007661135,0.00012119703008414401,0.1691536281036982,903.479821410368,0.000954117160736829,0.018632651341308863,0.018035201502261,0.0,0.0
0.0,839.6429057065828,237.8739363356607,0.00015445037850628896,0.17439242826024978,1055.898185526573,0.000565042570594243,0.01660707725947085,0.015962651295172502,0.0,0.0
0.0,810.9802426832358,222.3281864097275,0.0001895453246077661,0.16157453952648837,938.7909051187925,0.0005248400064119083,0.018563251612942852,0.01797218325296773,0.0,0.0
0.0,662.6563237509583,184.54154261348526,0.0002312606245992358,0.22298713268573614,934.148258742553,0.0011370618983871884,0.01727559889433385,0.016758556626195797,0.0,0.0
0.0,570.288527466959,210.06326026506528,0.0002671159583155631,0.16302895616071583,707.0669607652005,0.0022306884915761563,0.01714339269686831,0.01678139597645186,0.0,0.0
0.0,719.4416441777431,238.71168340865017,0.0002522495779854118,0.31489112868835895,845.0898060871244,0.0006526131338779981,0.01948464392050545,0.019428596397797728,0.0,0.0
0.0,629.1649231641885,188.02134725795966,0.00020276174592382494,0.16889110955900974,723.3034506648796,0.0009127448999450192,0.02125102960510787,0.021073480825428568,0.0,0.0
0.0,667.9215339564716,213.15739536543086,0.0001750002986243643,0.1935214897360602,841.6984670970934,0.0004006905121676097,0.0143749472714421,0.014030430972757236,0.0,0.0
0.0,681.0044918097299,225.83016028311428,0.0001765963836156154,0.1855924339918461,867.0920245347032,0.0003618448196931027,0.016215375793446937,0.015952431704058332,0.0,0.0
0.0,467.6208066922484,169.80111392942527,0.00018215153690939278,0.20384566834993886,521.3102452962421,0.0006577620686334479,0.014906519778469176,0.01461638680578854,0.0,0.0
0.0,579.5223460860134,214.5296153880259,0.0002591830531559739,0.21372205939229003,899.9552526471427,0.0012027362572420025,0.015160585543220575,0.014686023066573187,0.0,0.0
0.0,659.3629331774083,300.8155104165079,0.000283420412950381,0.26031418948632185,967.6457826279724,0.00047694788422079047,0.018939161954026836,0.01835807500040113,0.0,0.0
0.0,500.7119698125862,274.1613134741376,0.00027359018851731123,0.1881923639299187,781.4261279220909,0.000544111579333374,0.02245469228890008,0.022039196085605426,0.0,0.0
0.0,539.2868540410263,259.58649862842714,0.00028413808154431635,0.26522024423535134,834.7071312764135,0.00277720362449156,0.019261846991903454,0.01877906225547219,0.0,0.0
0.0,588.3429284920936,235.0790582194189,0.00028873596072719987,0.1999948300492485,642.5210967904978,0.0008907168863059992,0.016529234728254245,0.01610258183819004,0.0,0.0
0.0,569.9712299393072,234.12901277297806,0.00024120612002599508,0.17055253238275725,661.8419342678986,0.0005490915850224246,0.016660603678906385,0.01625517234607076,0.0,0.0
0.0,906.228874388317,293.2013632117505,0.00020845329221438156,0.29273256206389364,1122.00327441485,0.0007506276218411529,0.01894921927964762,0.018396457579102368,0.0,0.0
0.0,880.9230485977179,271.9375961098209,0.00021068325339787032,0.21399209096780034,1136.4322387806021,0.0007714509065047159,0.021248228682212482,0.020595177164105513,0.0,0.0
0.0,652.9032346682145,169.88867678391532,0.00019536418503457564,0.16872181572218076,697.9658688189778,0.0004028642685376437,0.026032669703700037,0.0254369351645369,0.0,0.0
0.0,881.576880257528,258.427825075565,0.00021982249692539197,0.19556142006900995,1086.1980559173805,0.0008081449117041218,0.02339024099239559,0.02265413846213939,0.0,0.0
0.0,543.6445902475341,264.62106259099363,0.0002371589850856975,0.15567190058712863,700.1895109394362,0.0008511867573781624,0.02413721462571865,0.0233676712031674,0.0,0.0
0.0,971.5250328443457,232.45214470080919,0.00023317841911787954,0.10666429713021085,1157.9883833651618,0.00035288377626762306,0.02131243529085646,0.020733581735472673,0.0,0.0
0.0,685.3134461823422,242.83386187764467,0.0002115091578320896,0.24160986286695157,786.543016054157,0.000668896113422813,0.016280802493574383,0.016059695332561425,0.0,0.0
0.0,731.6297167103694,246.98116338109418,0.00018940800287552646,0.10781144375167,815.3828846546708,0.0005131801188514112,0.017166840973632785,0.01702567065635882,0.0,0.0
0.0,562.5732225706421,164.6519225861477,0.000196121750995459,0.26152744649684045,640.0844577804551,0.0002487273073818809,0.01277707991617741,0.012490899174554421,0.0,0.0
0.0,611.6187374434754,436.8883063334635,0.00019451823416523833,0.18296056999921856,935.3220914566812,0.0016084502788292485,0.013090392210670154,0.012737647960962415,0.0,0.0
0.0,694.0734053452015,198.8574991969094,0.00019393908463658077,0.25926463582824094,813.5671871250117,0.001180331412295023,0.01554859365787,0.015210849998750142,0.0,0.0
0.0,572.0337778240453,237.9408143230579,0.00020954156495087823,0.15254049565938782,783.918462507679,0.0002954011092362848,0.015965177953511395,0.01567404903653778,0.0,0.0
0.0,1052.9143077123495,267.3019357140948,0.00023537785998911377,0.11481487996026535,1265.139054737408,0.0008848012754276019,0.017928145600432193,0.0178777258697677,0.0,0.0
0.0,975.7664120778954,239.58697818116735,0.00018898331516462548,0.15531197168397778,1222.634891666698,0.0006910321665935028,0.022593718070497232,0.022593493214426736,0.0,0.0
0.0,538.4501123322843,268.9847394850425,0.00017710592394408183,0.1760611616082912,820.3880239530537,0.0004316445186651079,0.026916260014960953,0.02705892449548009,0.0,0.0
0.0,775.6345620537976,139.2417504606102,0.00017614281897281535,0.1896749307546211,989.7565944906279,0.0021391983368006834,0.029806479001117027,0.03004218822645631,0.0,0.0
0.0,841.4176439771568,183.21370496421952,0.00016707397389057477,0.30282027701751735,1114.6719620343151,0.0008324690534153812,0.028344433347721663,0.028352095930174286,0.0,0.0
0.0,717.5635920441878,303.9405729636984,0.0001753506501391104,0.10267533034166973,842.6163583174144,0.0008684416573239328,0.02660098682109078,0.026573701030550814,0.0,0.0
0.0,530.6952702907226,341.2269176108842,0.00020197924188941694,0.23775493280092952,660.1044227825369,0.0005304461590749598,0.029822636293274123,0.029738118810056467,0.0,0.0
0.0,800.2417021168,352.87896131238585,0.000196773209702571,0.1803815232976537,1051.8712206858963,0.001486078511377039,0.029457107048776594,0.029042631617290236,0.0,0.0
0.0,374.6770840413857,168.1764181460633,0.00021526490718322592,0.2809581688509408,479.92154515426427,0.0007383855635486746,0.027333465357734975,0.026412826425042002,0.0,0.0
0.0,732.936872612766,282.3483289500128,0.00026722008929358634,0.20005327813415708,818.2340649794107,0.0004181625382359853,0.028949214531418157,0.027976223799485892,0.0,0.0
0.0,339.22564523154654,190.45522660935092,0.00029592020117432294,0.14808602287908973,409.53113036677166,0.00046451646111027106,0.027214518511430776,0.026255496567553036,0.0,0.0
0.0,845.8874177260782,333.10862786237203,0.0003076778274998995,0.139029754312176,968.2543552312445,0.0007467957568658658,0.024501961364547752,0.024054022761590278,0.0,0.0
0.0,775.5747396889645,253.74128615457408,0.00029842430435523897,0.15845980296090537,805.6145207280885,0.0019854902160052713,0.018596260738414958,0.01848861218243395,0.0,0.0
0.0,870.2208824939211,306.59035350358005,0.0002740812319502097,0.16093298717419247,1131.1303002738966,0.0016576864108794988,0.019001258706713,0.018784958840690973,0.0,0.0
0.0,889.2469883483559,231.83513236074782,0.000218883447755055,0.296281279865785,834.7439553554362,0.0003466470768540348,0.019401167424043637,0.018856126669798554,0.0,0.0
0.0,675.528395146208,300.8402535914395,0.00017870719193004896,0.10976050587341726,852.69048334717,0.0005037022013660328,0.017005517282117886,0.016699267220792624,0.0,0.0
0.0,918.1305964841371,241.51444889585554,0.00015985417707376376,0.16579690223152438,1141.9587255246072,0.0005191124597426504,0.016448942723921486,0.01645118220271731,0.0,0.0
0.0,939.405222062233,326.29244075172494,0.0001409682583473261,0.2425751275959388,1218.8427746923273,0.0006872217046446691,0.025686036590575723,0.025435147194066077,0.0,0.0
0.0,518.52188349516,184.3844886471559,0.00012848469106319086,0.19334721248797399,520.488052752794,0.00041246189271171014,0.025801934360972424,0.02538137634739842,0.0,0.0
0.0,571.1949734525741,205.25160259362275,0.00014400301565555248,0.1891332200232767,829.2527355979394,0.002158455075380914,0.023816105121802267,0.023272382040738927,0.0,0.0
0.0,723.1446028838166,275.5746249717279,0.00017059887646284696,0.1756926642680269,862.257121380526,0.001110637968146468,0.02423243248634599,0.023495480634248788,0.0,0.0
0.0,462.9571708177812,266.681817511861,0.0002039084905573139,0.10175396256863217,585.4657510558326,0.0009883930442843442,0.02406315915937777,0.023315237794587062,0.0,0.0
0.0,770.8909414284183,361.184365989302,0.0002589649607270398,0.22649927819140883,1092.7604221506158,0.004487256809737156,0.02283027994027635,0.02221222563276401,0.0,0.0
0.0,709.9701162635254,168.06235961854293,0.00029224436241297695,0.1702574080445434,821.9885385801471,0.0007546729744892256,0.018803550430526967,0.01834258170706694,0.0,0.0
0.0,557.2229984236716,228.6617626737584,0.00027584694091534054,0.2247425367659073,723.169987220627,0.0015106756322120136,0.021454979994404644,0.021111737896458038,0.0,0.0
0.0,745.9945285560932,231.77995455543032,0.0002752420172248871,0.28161251309069063,751.5284012218069,0.0009333097620383624,0.02129941965155144,0.02078894478754426,0.0,0.0
0.0,459.25857986218665,156.32351680084324,0.00025843903956357877,0.18604792292563221,341.7371688285855,0.0005701769048778266,0.02506219620709036,0.024177288235336887,0.0,0.0
0.0,463.51484230453525,315.2750824371973,0.00021824015899840084,0.2611253560542017,657.1579541874095,0.00037757133946760165,0.023337074766618327,0.022644242237732193,0.0,0.0
0.0,436.650944761239,219.3809906244504,0.00019623623302344524,0.23552065112411244,675.0066732493638,0.002512684967960891,0.01989581864123855,0.0196761748040004,0.0,0.0
0.0,519.6138164147621,234.78996627644332,0.00018812226706774304,0.14288171260755617,765.4655533796406,0.0004888335355815108,0.02094149679587029,0.020830733841136716,0.0,0.0
0.0,766.7480298056101,197.36889889110907,0.00018137369228646546,0.15544338146386008,853.954008049785,0.0008029541954589966,0.021312592661163945,0.02095837846486385,0.0,0.0
0.0,761.0277894800012,207.65315900981247,0.00019378457856494838,0.17488062495587348,954.9388668741959,0.0007597189317683484,0.01895311795649057,0.018860084976282575,0.0,0.0
0.0,513.9887860108701,156.69286682164847,0.00021613316451084944,0.17030961044837928,618.5641000679366,0.0020197465004962835,0.016543062608317855,0.016323291514885697,0.0,0.0
0.0,744.6330180798614,192.63150678436642,0.0001998337704211493,0.2734491542649208,697.6917734507138,0.0018289426710776317,0.021519330796205275,0.021433080043156107,0.0,0.0
0.0,847.199976064688,215.61079159350126,0.00021381418312808157,0.08917341550879208,933.1887941933247,0.00029766437765535404,0.023948139931120112,0.024042200215771466,0.0,0.0
0.0,882.1032037919629,367.01009548943483,0.00023607979965873264,0.21448239938163308,1166.771604408763,0.0006561344878983437,0.020644663397660207,0.020619162387678715,0.0,0.0
0.0,968.9132023638159,279.50410093682035,0.00024251944233117807,0.18425724276871908,1115.406924043864,0.0024020779499399595,0.02148477414483588,0.021000920170919597,0.0,0.0
0.0,260.0333483565865,151.1049609028495,0.00023696023889218054,0.1978923805468909,354.4005625784751,0.0005129352099725274,0.022109757260073214,0.021665478808568794,0.0,0.0
0.0,983.686118192099,229.24715817344716,0.000223895659895668,0.290158305769071,1125.0283241241311,0.0008006069435072463,0.022615232872718362,0.02214589921465052,0.0,0.0
0.0,703.626467970528,302.1909506455251,0.0002178299149048709,0.24986266780080488,1005.7439183897063,0.0009988331809506878,0.022547376171449713,0.022383903299043464,0.0,0.0
0.0,744.1265885308802,255.10378482178078,0.00021930439475915017,0.20897650840611992,739.3689748891317,0.00036107090421816764,0.019936936594242328,0.01986337289860437,0.0,0.0
0.0,730.7124077222604,148.31952699423414,0.0001906748527548532,0.1503368835443941,898.3559505128737,0.0017632800622478097,0.018691678963345552,0.018616228277279958,0.0,0.0
0.0,826.2204441241247,258.5934988972623,0.00018225881263669072,0.19186567031462304,829.4388252758506,0.0002774073157602334,0.02686277026803163,0.02651176747633832,0.0,0.0
0.0,642.8800007637238,263.8059788530516,0.00021531885399377648,0.08999734321046389,905.2542676202847,0.0015112141813575263,0.03149410874383504,0.03093942069677011,0.0,0.0
0.0,729.8880112898541,197.01393940633758,0.0002277432616746623,0.2187091234204813,907.1892066767283,0.0008985655103297388,0.02720604743757368,0.026368518440030568,0.0,0.0
0.0,723.4430254586644,217.92141997414217,0.000237090901161038,0.2108801941523929,852.920553064557,0.0004033016013399438,0.03029806805345164,0.0296263328182326,0.0,0.0
0.0,655.1023337795606,80.09878069899703,0.0002391596917843496,0.1940600419580267,779.812549043856,0.0007093662274557471,0.031447337058211476,0.030717741595285012,0.0,0.0
0.0,568.6339406504198,179.13899006616805,0.00021866512093677304,0.3272156497055436,786.0945156903081,0.0017990259111807288,0.032923459794029226,0.032256578592575726,0.0,0.0
0.0,710.7748030864028,214.38846254824952,0.00018176774747644583,0.14163089206379392,825.300929678697,0.0004932010287193263,0.03104964700447762,0.030389291804947448,0.0,0.0
0.0,825.2329517697318,344.0813296387132,0.00017197534804964498,0.22072719375603062,1125.8931492963413,0.000937329869472559,0.02941505135626225,0.02881182505002347,0.0,0.0
0.0,542.3411796335797,222.5639581522943,0.0001709351382887125,0.08490403127777708,696.4214912131553,0.0010280812094282847,0.03378229698234949,0.03311160070407441,0.0,0.0
0.0,503.6724802473836,265.23989915318685,0.00018966627899781528,0.28164421393270833,666.623989953278,0.000640313386137642,0.032525941712373045,0.03187282978742966,0.0,0.0
0.0,645.5999753905047,170.64793233784027,0.00021019371099554067,0.14684280163470012,811.1258777810007,0.0007177990676732138,0.028379935572716522,0.027631300531032885,0.0,0.0
0.0,721.1112092988519,133.08707141010018,0.00022654217958998214,0.2256621844816193,819.0548222720274,0.0006172482708908184,0.02950064609826969,0.02853029032220817,0.0,0.0
0.0,880.3763400605649,329.13010856035123,0.0002534918671953932,0.263836118755824,1242.1985890533288,0.0023170304286269463,0.033470353371256964,0.03260194744896834,0.0,0.0
0.0,529.1981140577428,273.0489484909591,0.0003032256955153326,0.08396688347693732,725.9405540594651,0.00041828401015695736,0.03210724041733692,0.03143007379817237,0.0,0.0
0.0,765.0187421469027,129.5082940675184,0.00030147901623460644,0.20816399926957144,882.6531318602372,0.000762254187050937,0.0310654431784985,0.030627176681404297,0.0,0.0
0.0,511.2986528322157,129.40791905888904,0.00029629020645812647,0.17635310932204762,599.9491901317983,0.0005104934836715237,0.029858911786244547,0.029379002439742615,0.0,0.0
0.0,549.6933591927987,224.4422668261858,0.00026141922224926574,0.2166380487455274,818.1084272413965,0.0003267124952269753,0.02611144463946053,0.025760056347689703,0.0,0.0
0.0,595.0531305107838,334.03176405940013,0.00023036168630972465,0.1741148792423608,883.2208649877665,0.0004945319231596834,0.021458891742065174,0.021215716000908443,0.0,0.0
0.0,599.5614709884067,294.79897496209907,0.00020204947612894485,0.12345352749089931,674.785510386841,0.0005184509249459479,0.026340009273197365,0.02592274942923582,0.0,0.0
0.0,889.2770946501931,263.5941455259855,0.0001867365731552026,0.18862310178604025,1062.4579532039647,0.001909586220524672,0.026259757856098707,0.025360136456232436,0.0,0.0
0.0,800.3673377403284,275.79726360988485,0.00021954378449413287,0.19340048001397656,1014.6293596423379,0.0006288896816138847,0.0228201008320605,0.02181163498352705,0.0,0.0
0.0,952.2836287701084,313.48768002786187,0.00022887152607967763,0.2568638978711309,1119.484103763412,0.0009527341368676923,0.02324162380959449,0.02241936638620662,0.0,0.0
0.0,548.3699627785664,131.95492381485224,0.0002668071470737695,0.15858532488033392,592.4495792750361,0.0019421363010341905,0.023170977438030246,0.022169174099369353,0.0,0.0
0.0,731.852103207524,182.47570667352127,0.00027982187639698626,0.15437011979585638,925.6668629200105,0.00024563437175452153,0.024407362165002066,0.02351028552450172,0.0,0.0
0.0,955.2459812784808,233.66440715269636,0.00024042647970113596,0.22856378059398638,1202.4961577575336,0.0013801885834251334,0.027156442878274723,0.0262589674410976,0.0,0.0
0.0,582.0166872549294,156.15474944035924,0.00022770668416414373,0.1961351400424437,649.1291325006972,0.0011840306105659899,0.030629913351376103,0.02946199480959307,0.0,0.0
0.0,744.0912413455226,302.57536419694713,0.00023157305787560971,0.1737320219839502,937.3072521136897,0.0009604923340919003,0.034059409242649816,0.03276887552750191,0.0,0.0
0.0,732.0646550619549,315.5908929685875,0.0002046872323598729,0.19275790439193669,979.4671838047082,0.0001746538730781107,0.03638864475606508,0.03517776932121462,0.0,0.0
0.0,580.1475852857535,208.79268926790152,0.00016390296748332715,0.14459698991637257,729.8212670049877,0.00032102741186027715,0.034251627690183764,0.03323132403644405,0.0,0.0
0.0,641.7987009799384,253.59333094385372,0.0001492104295609495,0.1362722261013716,767.9679715525419,0.0006752707748329911,0.032607270161837766,0.031616756809953094,0.0,0.0
0.0,702.3478211903608,140.18882835381302,0.0001395933260754738,0.2683527061538083,756.3716386170311,0.0021155669147018582,0.03495064949246308,0.03413519483530564,0.0,0.0
0.0,640.9175726075599,213.59034327384194,0.00012353399423872566,0.21315124248993025,922.1403520347304,0.0022428709902829157,0.032724770044874237,0.03210686636391412,0.0,0.0
0.0,619.6084362263775,241.97011640200097,0.00014596852262759613,0.13878156202770678,820.6991056873455,0.0006370267948593931,0.027455074062117637,0.02678387088652828,0.0,0.0
0.0,919.3587251750932,247.0805396904408,0.00014441497348666575,0.13427153395402563,1162.8840974027491,0.0011305580728628035,0.02620122267499126,0.02539072397399719,0.0,0.0
0.0,913.7737829306252,337.75402630912754,0.00011939303201810338,0.29678028622175445,1383.992992954583,0.00029702308779006996,0.024929508022790557,0.02412039654410031,0.0,0.0
0.0,840.5534026732341,252.2142073022433,0.000118379077548792,0.24259394986534324,956.2334172169686,0.0004697400758629842,0.019792589682131666,0.018998663026413343,0.0,0.0
0.0,652.2515286468571,272.5893480172049,0.00011588143716739706,0.2161453942689697,913.773414627571,0.0013252404577132765,0.015906196249389503,0.015192671991427818,0.0,0.0
0.0,570.0263893973462,303.3891053192071,0.00014826237915834472,0.050765003924955525,666.3746825603189,0.0020085043734345406,0.012696988324601567,0.012078202049703463,0.0,0.0
0.0,521.8738157179866,169.6608571232068,0.00017779682293744814,0.10018750004710861,663.6086996352698,0.0008792555213155873,0.014160040813589169,0.013531175248037559,0.0,0.0
0.0,363.7412001626991,282.6901776063033,0.00018328589199213919,0.193005488604691,687.6918492343676,0.0005937415308482598,0.014536502918762162,0.013864336997692678,0.0,0.0
0.0,530.3778609763576,199.67177144045002,0.00018609780298410326,0.14391738366176954,518.6232197380108,0.0021171566345938287,0.01720492674089549,0.016616582390225572,0.0,0.0
0.0,559.529116396946,225.77360189676807,0.00017124496571377715,0.24958549879844558,602.40104622603,0.00031524539848302427,0.020917531806178905,0.020100355828879615,0.0,0.0
0.0,807.5996231987968,230.20418095847702,0.000161959385060596,0.13291103299672427,734.9752235850528,0.00022465202496785267,0.017451316176026774,0.016675407453903047,0.0,0.0
0.0,891.6348156085048,202.4315524801688,0.00015443881964610938,0.27396035063370877,1127.9265097340015,0.0007971742607644201,0.016873076719155184,0.01606155062115065,0.0,0.0
0.0,894.5415392906638,126.64294747732431,0.00015499479071664078,0.18302013020220456,1096.2634390205399,0.000643658081628423,0.021895337027252885,0.020797113061228428,0.0,0.0
0.0,459.7780838286783,193.60617841642969,0.00016497016481750574,0.30043567261176957,455.6636708427062,0.0003446618132957195,0.0244843128720828,0.023315581774847327,0.0,0.0
0.0,559.040226064062,256.4937062424376,0.00018268841847106257,0.1958791448803289,700.1723162864023,0.0005737957210287344,0.025343745850239983,0.02452829559301774,0.0,0.0
0.0,574.1731397455061,335.230765972794,0.0002060581158994669,0.22852253847712595,817.9734938874448,0.004869899932688063,0.02366100532365413,0.022955396521392515,0.0,0.0
0.0,515.6477576476786,190.64503003679823,0.0002155292734887263,0.1517126585973104,627.0201115026618,0.0018172975581036291,0.026844499926690035,0.02591810164544772,0.0,0.0
0.0,655.1235101362267,275.74928953867783,0.0002232176977085127,0.1790763206359255,909.9778254944341,0.0017177799627931414,0.030085123639227638,0.02917749278977671,0.0,0.0
0.0,1041.159636718122,303.30500019585315,0.0002263449111058801,0.16827886929622357,1342.1486471570252,0.0007005027021856157,0.025776891159431055,0.02492599755578969,0.0,0.0
0.0,778.1406862978939,256.0417979331822,0.00023346685998022206,0.14918403350562168,876.6365286967757,0.0006699318681992884,0.0281376913947932,0.027210781800622436,0.0,0.0
0.0,678.7325137573146,219.37736011135462,0.00025059633989301896,0.2053503916755334,902.9602346359309,0.0018451686749064546,0.032973502054384034,0.03193617624848834,0.0,0.0
0.0,567.1867197597885,275.6882762333457,0.0002455495136488733,0.1691168457297371,795.4334118348173,0.0016365430574367269,0.03138828745227777,0.030256177578283024,0.0,0.0
0.0,509.1528162120789,287.2197760609858,0.00021869365621851836,0.16668962562776082,662.6557902117052,0.0007513056194966421,0.028096839526303534,0.027116886791686345,0.0,0.0
0.0,656.7610160470068,200.2443231694991,0.00017853968062742922,0.2081132800405097,883.7831537641131,0.00039591182857203844,0.022280299700247554,0.021417614500484,0.0,0.0
0.0,598.257126755754,255.37133234154723,0.00014602982578371733,0.27453810433481657,812.414531370625,0.0007648551630843739,0.02035612412859234,0.0196230255657368,0.0,0.0
0.0,564.3054105155876,257.8928573214095,0.0001419042738848499,0.18730940945438654,831.6677799260724,0.0006766268885897308,0.02469311436437412,0.024198112031151922,0.0,0.0
0.0,962.5191176060086,291.3123745409718,0.00014904151247288331,0.1540606815930265,1175.6846867757247,0.00027887940946688433,0.025215986474092934,0.024713056480819357,0.0,0.0
0.0,521.2431303147378,183.48523412872848,0.00017643642306864563,0.19154336062577154,543.8292382429919,0.0020666652743273747,0.02628544918280673,0.025662013740331592,0.0,0.0
0.0,664.8391325853457,195.98031284876942,0.0002169538239172844,0.14459505397101943,782.8385404307489,0.002199832597966365,0.025547928102023856,0.024556318447285078,0.0,0.0
0.0,732.7110062770455,244.3063934331216,0.00021927987426932828,0.25382945456747164,948.5951142997437,0.002224724137420473,0.02263643210986772,0.0219044814421284,0.0,0.0
0.0,521.7238468578029,277.7466921130546,0.0002039385373079878,0.2975339321811969,521.698257272706,0.002465045971395403,0.017382037711024825,0.017064813147590473,0.0,0.0
0.0,643.8604139213226,208.4714578573274,0.00020017598678663014,0.18471867877728318,695.4045842643584,0.0015817584892740837,0.017991378736742107,0.01774937694017931,0.0,0.0
0.0,692.4078826915073,274.97164137332726,0.00021728589842883608,0.22970841000600017,980.1309062400908,0.0002071303446089155,0.019839281305113747,0.01945045916238558,0.0,0.0
0.0,899.0192852028615,220.06928027094736,0.00021754365520561023,0.21567370548034664,1172.1303946114738,0.0021809985529706267,0.022394404231247878,0.02193730284793644,0.0,0.0
0.0,357.6948300424463,211.866607794837,0.00024560974121678997,0.18369504874829323,482.1332311019163,0.0013156603715143958,0.02922178032631103,0.028747700048539257,0.0,0.0
0.0,735.6168531205846,164.6950814565103,0.00023266779125093656,0.17569465254293792,906.9996424189123,0.003057025703089569,0.026265758333573475,0.025760074211458404,0.0,0.0
0.0,517.2653656415797,222.70609559109005,0.00020395462217652079,0.06075314005243839,618.8424213236276,0.0007386615716809138,0.019134680736289995,0.019045297203125564,0.0,0.0
0.0,815.9127150551094,234.53519637061143,0.0002086506042765962,0.22470351775817493,1030.5287784447437,0.0003398820205142162,0.013876155658092535,0.013970101165402154,0.0,0.0
0.0,634.2592524401326,234.39750581600734,0.00020795799050514233,0.08179021097203353,787.9027375682713,0.0012282872989964864,0.014931907716736524,0.014631024132738405,0.0,0.0
0.0,532.5873465425508,437.5399739849308,0.00018757740481980606,0.1311452469757945,870.253820970067,0.0004444155212002213,0.021027639580883144,0.020394285812966213,0.0,0.0
0.0,702.3518802144586,322.37018449617585,0.00018393781634803126,0.23351348229493255,898.470722366397,0.000977452369387001,0.023417883436892665,0.022613823592052523,0.0,0.0
0.0,695.3873677933088,207.59788926839462,0.00020480953689809054,0.22463115123973826,883.1780179388019,0.0003987666479064617,0.020758036416594978,0.0200373286484809,0.0,0.0
0.0,742.62269885146,263.5694195777971,0.00020177870353121257,0.19433945074368725,1045.3092308114117,0.0004224221799046064,0.020127663942746545,0.019836443325471496,0.0,0.0
0.0,813.5226033815251,235.1791940308827,0.0001814666799803771,0.0517529807612317,874.259917380972,0.0009552427760382971,0.02170343133186745,0.02081594023106676,0.0,0.0
0.0,647.5130768120742,346.2147259347814,0.0001670695626053043,0.23943471522751236,798.0116349959653,0.000770418449648854,0.02621313423918388,0.02500001412419183,0.0,0.0
0.0,649.1610478848861,234.77061156399145,0.00015940981774852718,0.2323761967887221,848.5030580641801,0.0018614312099502527,0.02684941643169888,0.025926371539578844,0.0,0.0
0.0,850.8689806861524,283.3580573651369,0.00013788374269975163,0.2536482976287744,1143.0001760960204,0.00039555845607394425,0.0252825806394124,0.024383988842167987,0.0,0.0
0.0,656.3421374012705,167.8788319460965,0.00011002169757191199,0.21077769564742235,751.4939107279307,0.0008915670875364998,0.03023235696432138,0.029062493354806353,0.0,0.0
0.0,998.452808469916,322.02916953669813,0.00012768107069915512,0.14397370946811378,1202.5047768861325,0.0013289123628375636,0.029590263423397822,0.028433546921328934,0.0,0.0
0.0,1154.712385964427,319.687305450067,0.00014337120197492964,0.2315342484079099,1487.7824753460022,0.0005890687690565932,0.020353793297560194,0.01960799288528667,0.0,0.0
0.0,940.3556823183338,149.06236243398783,0.00015829712651444,0.21876385311238003,1125.965425153847,0.0019177295127376312,0.022580742071062383,0.021906904040034435,0.0,0.0
0.0,907.6148718281879,206.0124320000068,0.00014286678024308012,0.18302226779639172,1045.4924523113868,0.0010886875341382816,0.029829981509848696,0.02884411842546889,0.0,0.0
0.0,970.5628872481013,312.6661981043748,0.0001499790215275516,0.24597948779274703,1184.4866788359043,0.00042143475549086967,0.030319597187085396,0.029370237330309527,0.0,0.0
0.0,983.0122090517872,186.35996541799443,0.00019565351536859985,0.2863321745465096,1093.5228605379655,0.0018449348798643926,0.028475996891811142,0.02761303359246741,0.0,0.0
0.0,738.8644116584992,331.51370433628745,0.00021233298136625597,0.23050771005040055,1005.6040337441817,0.002159426750175226,0.03334070364543379,0.03257283801828146,0.0,0.0
0.0,623.7990281053745,208.77635629702374,0.00017923945569846983,0.22049324157752323,829.3499926707206,0.00122618017782711,0.034884457046616,0.03383809041435759,0.0,0.0
0.0,826.5350236939515,228.33892367084073,0.00014969389315752264,0.2213218957545558,901.8796525904581,0.0017141224584943397,0.03349081577914993,0.032344229358466356,0.0,0.0
0.0,588.372204134579,282.82543322453193,0.00013936128474503542,0.2003924030887245,769.8428686436324,0.0008169346688329044,0.03383086066842017,0.03288486451137068,0.0,0.0
0.0,563.497310222072,241.24185539775945,0.0001471328046034926,0.3324791906489996,447.0758097801732,0.0008726267943665227,0.03337928254387534,0.03260671282158371,0.0,0.0
0.0,525.157883407781,261.0062437048954,0.00015145987041217718,0.16385935678152294,732.3810136296617,0.0010666951207561014,0.033327544776720286,0.03249697067682909,0.0,0.0
0.0,560.9266896755208,286.156550218292,0.0001331877470634331,0.31467998822362764,845.5517350107867,0.0010282922805205628,0.030594039554528104,0.02946683433569402,0.0,0.0
0.0,647.2770989934336,235.68454949368424,0.00018280496007993033,0.13022456938066826,818.9662267843847,0.0005654960916526246,0.02867280303406345,0.027644532649518654,0.0,0.0
0.0,733.6831054643241,318.47755324526577,0.00022807903413159342,0.338972061501585,954.5455702247536,0.0005152206495886522,0.027892670418477428,0.026750483807333972,0.0,0.0
0.0,661.3702665454545,144.35573736534886,0.00024945678395327036,0.2769408007249439,493.91177892141343,0.0005630148655031101,0.031214923027461445,0.02966603186383202,0.0,0.0
0.0,809.9198420963497,260.78780757138264,0.0002608998036628252,0.31585036893264595,1096.1940173626392,0.002040878313666942,0.02990806374362398,0.02843406442462471,0.0,0.0
0.0,640.900342639362,263.3573270136605,0.00025823349491161074,0.2431194747819425,877.1639606392084,0.0012805887922601562,0.024935908241541092,0.023817479019067417,0.0,0.0
0.0,403.02072265340047,325.2678299229645,0.0002375712328256995,0.20534738922501056,523.9111053701432,0.001214408078784301,0.02723097596864135,0.02623068970567814,0.0,0.0
0.0,613.6899530559292,281.30894520598275,0.00020864110145771248,0.14119552722653186,832.7352303569112,0.001524307357360015,0.02701902952232304,0.02604758776708807,0.0,0.0
0.0,715.7435228657623,152.7206381009893,0.00017249574248736146,0.10870157962057742,819.3834411567843,0.0011282802393267931,0.024245560396526304,0.023541925938229395,0.0,0.0
0.0,499.6851529948146,228.77479831260217,0.00015329791037426525,0.272963633778317,717.7217995516253,0.0012679923511149105,0.02463416540965105,0.024251238284575958,0.0,0.0
