Step,Reconstruction Loss,KL Loss,Uniformity Loss,Orthogonality Loss,Total Loss,Time,Entropy,Margin,0 Fraction,1 Fraction
1,13740.296875,7807.4345703125,0.9064773917198181,2.3599178791046143,21547.7314453125,0.019696950912475586,0.06872903555631638,0.04427361488342285,0.9453125,0.0546875
2,24260.3203125,8507.677734375,0.661643922328949,132.01937866210938,32767.998046875,0.018021345138549805,0.059617966413497925,0.04237815737724304,0.953125,0.046875
3,33722.16015625,8483.4921875,0.4615184962749481,97.39173889160156,42205.65234375,0.01882457733154297,0.0482034757733345,0.03646380454301834,0.96875,0.03125
4,37049.87109375,8920.2353515625,0.3179153800010681,81.90782928466797,45970.1064453125,0.01790761947631836,0.032522864639759064,0.02330457977950573,0.9765625,0.0234375
5,43648.8203125,9703.626953125,0.23941750824451447,74.12246704101562,53352.447265625,0.018010616302490234,0.033204227685928345,0.028119854629039764,0.984375,0.015625
6,47205.3671875,10300.591796875,0.20458370447158813,59.706825256347656,57505.958984375,0.018273353576660156,0.021830499172210693,0.015063576400279999,0.984375,0.015625
7,55134.9921875,10516.232421875,0.1718970239162445,13.466397285461426,65651.224609375,0.018441438674926758,0.018005026504397392,0.0117436982691288,0.9921875,0.0078125
8,82548.625,11389.7265625,0.12683118879795074,21.42902374267578,93938.3515625,0.018739700317382812,0.027860157191753387,0.024297324940562248,0.9921875,0.0078125
9,98536.96875,11960.517578125,0.1587962955236435,17.68797492980957,110497.486328125,0.018730640411376953,0.021233387291431427,0.01616768166422844,0.9921875,0.0078125
10,113784.8671875,12997.63671875,0.16997724771499634,10.624358177185059,126782.50390625,0.018347740173339844,0.021720673888921738,0.017959607765078545,0.9921875,0.0078125
11,143835.28125,13798.611328125,0.14725197851657867,8.523442268371582,157633.892578125,0.01885676383972168,0.015541527420282364,0.011485537514090538,0.9921875,0.0078125
12,185634.828125,14951.384765625,0.2181137353181839,12.60545539855957,200586.212890625,0.01845836639404297,0.02541876770555973,0.02217656746506691,0.984375,0.015625
13,164438.75,15034.9921875,0.2237311154603958,9.703182220458984,179473.7421875,0.021205425262451172,0.014744948595762253,0.012315686792135239,0.984375,0.015625
14,216834.0625,15410.021484375,0.23405863344669342,9.053535461425781,232244.083984375,0.01835799217224121,0.016279254108667374,0.012809904292225838,0.984375,0.015625
15,236107.21875,16355.9345703125,0.2815740406513214,7.109529972076416,252463.1533203125,0.018337249755859375,0.020340532064437866,0.01652168296277523,0.984375,0.015625
16,162569.15625,15349.0087890625,0.4003249704837799,3.9800822734832764,177918.1650390625,0.01841115951538086,0.01843547448515892,0.012242562137544155,0.96875,0.03125
17,112993.7265625,14956.376953125,0.5103700757026672,6.9015607833862305,127950.103515625,0.01905655860900879,0.01925039477646351,0.013975056819617748,0.9609375,0.0390625
18,94248.75,15096.34765625,0.5614150166511536,0.6543999910354614,109345.09765625,0.018548011779785156,0.020744765177369118,0.016748780384659767,0.9609375,0.0390625
19,56396.6015625,14240.083984375,0.6479964852333069,0.09409498423337936,70636.685546875,0.018239259719848633,0.023233328014612198,0.019779404625296593,0.953125,0.046875
20,68901.921875,14691.953125,0.6260480880737305,0.19672450423240662,83593.875,0.0183260440826416,0.021589506417512894,0.013952499255537987,0.9609375,0.0390625
21,66314.71875,14063.693359375,0.6006461977958679,0.4754391014575958,80378.412109375,0.01801276206970215,0.0325702540576458,0.024950530380010605,0.9609375,0.0390625
22,99704.34375,14260.462890625,0.6041871905326843,0.06513184309005737,113964.806640625,0.017850160598754883,0.03797740116715431,0.02963813953101635,0.953125,0.046875
23,45088.9296875,13703.072265625,0.6828344464302063,0.48264530301094055,58792.001953125,0.018480777740478516,0.05445456504821777,0.03502091020345688,0.953125,0.046875
24,38929.26953125,12728.5,0.8415867686271667,0.7574750781059265,51657.76953125,0.018316984176635742,0.07653964310884476,0.04198097810149193,0.953125,0.046875
25,41929.1171875,11879.03125,0.9927959442138672,0.7507699728012085,53808.1484375,0.01807570457458496,0.08560000360012054,0.05149386450648308,0.9453125,0.0546875
26,41576.91796875,11227.478515625,1.207135796546936,0.3104454576969147,52804.396484375,0.017980575561523438,0.08819133788347244,0.048921406269073486,0.921875,0.078125
27,88498.5,10762.556640625,1.4197020530700684,3.568544387817383,99261.056640625,0.017853498458862305,0.11137400567531586,0.0670190081000328,0.9140625,0.0859375
28,76642.546875,10372.2626953125,1.589138388633728,4.077915668487549,87014.8095703125,0.01823735237121582,0.12537570297718048,0.079873226583004,0.8984375,0.1015625
29,72561.6875,9709.8203125,1.862558364868164,1.176432490348816,82271.5078125,0.01824331283569336,0.13826674222946167,0.0894620269536972,0.890625,0.109375
30,35168.72265625,8722.7548828125,2.27359938621521,0.07987487316131592,43891.4775390625,0.01810145378112793,0.139779731631279,0.0893181562423706,0.8671875,0.1328125
31,55854.6328125,8367.904296875,2.60923433303833,0.03852691501379013,64222.537109375,0.017990827560424805,0.15604861080646515,0.09794376790523529,0.8515625,0.1484375
32,59003.96875,8164.6201171875,2.797680616378784,0.10133131593465805,67168.5888671875,0.01881694793701172,0.1688603311777115,0.10596117377281189,0.828125,0.171875
33,46294.2265625,7921.55908203125,2.6217637062072754,0.9618009924888611,54215.78564453125,0.018350839614868164,0.18352210521697998,0.12351341545581818,0.84375,0.15625
34,51234.359375,7406.111328125,2.399016857147217,0.7627142071723938,58640.470703125,0.017941951751708984,0.18070009350776672,0.11977643519639969,0.8671875,0.1328125
35,67268.921875,7354.796875,2.137725591659546,1.0308794975280762,74623.71875,0.018035888671875,0.16987261176109314,0.1027466282248497,0.8671875,0.1328125
36,32806.296875,6996.82763671875,1.9464744329452515,0.3276117742061615,39803.12451171875,0.018087387084960938,0.16047996282577515,0.10476110130548477,0.8828125,0.1171875
37,55338.078125,7210.240234375,1.627921223640442,0.6073952913284302,62548.318359375,0.018231868743896484,0.14666426181793213,0.08937377482652664,0.8984375,0.1015625
38,37728.3671875,7280.14453125,1.2593413591384888,0.04219803959131241,45008.51171875,0.018146991729736328,0.13262839615345,0.08533254265785217,0.9375,0.0625
39,44395.76171875,7310.82763671875,0.9336529970169067,0.09987585991621017,51706.58935546875,0.021713733673095703,0.11674704402685165,0.0731157511472702,0.96875,0.03125
40,31199.123046875,6959.7412109375,0.8089208006858826,0.009553870186209679,38158.8642578125,0.018500328063964844,0.10194118320941925,0.06363815069198608,0.96875,0.03125
41,32305.54296875,7076.0927734375,0.7999208569526672,0.005670200567692518,39381.6357421875,0.018505096435546875,0.09661093354225159,0.06778672337532043,0.9609375,0.0390625
42,75574.75,7487.771484375,0.865925133228302,0.6209889650344849,83062.521484375,0.01995563507080078,0.07809111475944519,0.05078359320759773,0.9453125,0.0546875
43,36556.546875,7204.4267578125,1.0346617698669434,0.1521320939064026,43760.9736328125,0.01877427101135254,0.08035530149936676,0.05267190933227539,0.9375,0.0625
44,28783.4765625,7229.70751953125,1.1466172933578491,0.002988015068694949,36013.18408203125,0.018176794052124023,0.07712674140930176,0.048120882362127304,0.9296875,0.0703125
45,28951.81640625,7181.091796875,1.1762717962265015,0.019386814907193184,36132.908203125,0.01890254020690918,0.08059288561344147,0.05321711301803589,0.9296875,0.0703125
46,30785.447265625,7527.01025390625,1.1616976261138916,0.004191308747977018,38312.45751953125,0.018131494522094727,0.07192865014076233,0.04194902628660202,0.9296875,0.0703125
47,27504.60546875,7374.63134765625,1.1479254961013794,0.02576121687889099,34879.23681640625,0.01821303367614746,0.07707755267620087,0.04153658077120781,0.921875,0.078125
48,43933.4921875,7526.900390625,1.139083743095398,0.018777882680296898,51460.392578125,0.0185396671295166,0.09546808898448944,0.0614413321018219,0.9296875,0.0703125
49,28503.455078125,8168.30908203125,1.141189455986023,0.017015911638736725,36671.76416015625,0.0182647705078125,0.10219007730484009,0.06309053301811218,0.9375,0.0625
50,67253.1171875,8152.357421875,1.24763822555542,0.09241397678852081,75405.474609375,0.01891922950744629,0.10639111697673798,0.06179269403219223,0.9375,0.0625
51,26286.197265625,7985.72265625,1.36027193069458,0.003686270909383893,34271.919921875,0.01801323890686035,0.12492331862449646,0.0812545046210289,0.9296875,0.0703125
52,29924.875,8369.193359375,1.5310426950454712,0.004332824610173702,38294.068359375,0.018390893936157227,0.13773506879806519,0.09312090277671814,0.921875,0.078125
53,28718.470703125,8362.3203125,1.5665745735168457,0.1302105188369751,37080.791015625,0.018119096755981445,0.14629805088043213,0.09878240525722504,0.921875,0.078125
54,28340.904296875,8575.7900390625,1.4761509895324707,0.06474962830543518,36916.6943359375,0.01799941062927246,0.1554318070411682,0.1084507629275322,0.9375,0.0625
55,27811.4296875,8601.1708984375,1.4570763111114502,0.0169671643525362,36412.6005859375,0.018292903900146484,0.15966932475566864,0.10726892203092575,0.921875,0.078125
56,27398.8671875,8482.4375,1.4603488445281982,0.011994549073278904,35881.3046875,0.01820993423461914,0.15811462700366974,0.10342897474765778,0.921875,0.078125
57,27528.99609375,8585.8095703125,1.4625213146209717,0.025480015203356743,36114.8056640625,0.01832890510559082,0.1515110731124878,0.10405680537223816,0.921875,0.078125
58,27448.357421875,8710.421875,1.5657622814178467,0.037678249180316925,36158.779296875,0.01814579963684082,0.1406906396150589,0.09231159090995789,0.90625,0.09375
59,26793.3828125,8551.9375,1.6097708940505981,0.003556454787030816,35345.3203125,0.018312454223632812,0.12485945224761963,0.07338108867406845,0.9140625,0.0859375
60,25378.40625,8335.2587890625,1.610976219177246,0.021463345736265182,33713.6650390625,0.01838397979736328,0.1176544651389122,0.06587390601634979,0.90625,0.09375
61,25286.224609375,8436.5361328125,1.612202525138855,0.014885574579238892,33722.7607421875,0.01811385154724121,0.11651402711868286,0.065352663397789,0.90625,0.09375
62,26590.828125,8379.751953125,1.6058106422424316,0.00028128857957199216,34970.580078125,0.01826930046081543,0.1204535961151123,0.06702367961406708,0.90625,0.09375
63,25800.619140625,8448.80078125,1.6407065391540527,0.0025210988242179155,34249.419921875,0.018323898315429688,0.12474985420703888,0.07096491008996964,0.90625,0.09375
64,25536.736328125,8324.2451171875,1.716809630393982,0.06176440790295601,33860.9814453125,0.01789093017578125,0.12495353817939758,0.07027603685855865,0.90625,0.09375
65,23995.4609375,7968.3642578125,1.7902019023895264,0.05314596742391586,31963.8251953125,0.018524169921875,0.126717209815979,0.07434799522161484,0.890625,0.109375
66,25882.82421875,7985.47412109375,1.83028244972229,0.044944845139980316,33868.29833984375,0.01818370819091797,0.13106203079223633,0.07788297533988953,0.890625,0.109375
67,23331.287109375,7766.4130859375,1.83066987991333,0.025274455547332764,31097.7001953125,0.01812434196472168,0.1435346007347107,0.0888788029551506,0.8984375,0.1015625
68,24264.7109375,7858.40673828125,1.7679975032806396,0.28062325716018677,32123.11767578125,0.018946409225463867,0.16328270733356476,0.10192382335662842,0.90625,0.09375
69,23853.1171875,7813.72607421875,1.5710488557815552,0.0006898011779412627,31666.84326171875,0.018929719924926758,0.16273954510688782,0.10373955965042114,0.9140625,0.0859375
70,24832.837890625,7915.19140625,1.5208789110183716,3.493560640777105e-08,32748.029296875,0.018622159957885742,0.15842242538928986,0.09929446130990982,0.921875,0.078125
71,23222.359375,7677.6142578125,1.5692267417907715,0.07371176034212112,30899.9736328125,0.02001214027404785,0.16234055161476135,0.10492713004350662,0.921875,0.078125
72,25086.0625,7762.9248046875,1.5817866325378418,0.03283475711941719,32848.9873046875,0.019061803817749023,0.1606922149658203,0.10368076711893082,0.9140625,0.0859375
73,22287.36328125,7500.3125,1.5074447393417358,0.12091735750436783,29787.67578125,0.01830601692199707,0.15567538142204285,0.10189175605773926,0.921875,0.078125
74,24144.8046875,7830.10205078125,1.4139995574951172,0.14399859309196472,31974.90673828125,0.01795506477355957,0.14825579524040222,0.09493276476860046,0.9375,0.0625
75,23357.0078125,7857.77734375,1.4107060432434082,0.0007370543899014592,31214.78515625,0.018630266189575195,0.13996286690235138,0.0854700580239296,0.9140625,0.0859375
76,22775.5390625,7577.60009765625,1.4230455160140991,0.007015771232545376,30353.13916015625,0.01814579963684082,0.13113638758659363,0.07850109040737152,0.9140625,0.0859375
77,24931.3203125,7705.41357421875,1.4213266372680664,0.017704138532280922,32636.73388671875,0.01840376853942871,0.1258319914340973,0.07127103209495544,0.921875,0.078125
78,20914.546875,7553.4208984375,1.4249320030212402,0.08460534363985062,28467.9677734375,0.018083810806274414,0.1251337230205536,0.07006913423538208,0.9140625,0.0859375
79,22906.16015625,7875.69775390625,1.4247921705245972,0.06276208162307739,30781.85791015625,0.01803445816040039,0.12315282225608826,0.07221212983131409,0.9140625,0.0859375
80,22333.70703125,7715.48046875,1.4003663063049316,0.1466323286294937,30049.1875,0.018782377243041992,0.11767873913049698,0.06995303183794022,0.9140625,0.0859375
81,21653.39453125,7666.6767578125,1.3684488534927368,7.537150668213144e-05,29320.0712890625,0.018146753311157227,0.11111146211624146,0.06614838540554047,0.9140625,0.0859375
82,22797.4765625,7700.0986328125,1.3402678966522217,0.02845105528831482,30497.5751953125,0.01862788200378418,0.10529182851314545,0.06471911072731018,0.9296875,0.0703125
83,20539.5078125,7659.84228515625,1.3197741508483887,0.019358638674020767,28199.35009765625,0.0180208683013916,0.10124437510967255,0.06165499985218048,0.921875,0.078125
84,22937.30078125,7839.51611328125,1.3078669309616089,0.13514386117458344,30776.81689453125,0.018113374710083008,0.09961675107479095,0.059901971369981766,0.921875,0.078125
85,22065.91015625,7625.1875,1.3076590299606323,0.0996796041727066,29691.09765625,0.018755435943603516,0.09828120470046997,0.05977241322398186,0.9140625,0.0859375
86,23258.46484375,7927.6142578125,1.2991267442703247,0.14816950261592865,31186.0791015625,0.01835918426513672,0.0962473452091217,0.05780697986483574,0.9140625,0.0859375
87,21025.74609375,7574.984375,1.2947471141815186,0.07369346916675568,28600.73046875,0.01818537712097168,0.09385702013969421,0.05790593475103378,0.921875,0.078125
88,21427.55859375,7590.9892578125,1.3009098768234253,0.02481071464717388,29018.5478515625,0.018154621124267578,0.09219140559434891,0.05408358573913574,0.921875,0.078125
89,19830.56640625,7668.21337890625,1.3069900274276733,0.012854122556746006,27498.77978515625,0.018173694610595703,0.09098994731903076,0.05152164399623871,0.921875,0.078125
90,21720.51953125,7793.498046875,1.3159377574920654,0.05035575479269028,29514.017578125,0.018011093139648438,0.09023017436265945,0.051510781049728394,0.921875,0.078125
91,20910.07421875,7594.1298828125,1.3233625888824463,0.14463794231414795,28504.2041015625,0.01858353614807129,0.09040094912052155,0.053157150745391846,0.921875,0.078125
92,21866.5625,7894.2490234375,1.3275797367095947,0.04283072054386139,29760.8115234375,0.017947673797607422,0.09042933583259583,0.0529915913939476,0.921875,0.078125
93,20184.19140625,7592.99267578125,1.3217990398406982,0.11470485478639603,27777.18408203125,0.018182992935180664,0.09055349230766296,0.05503569543361664,0.921875,0.078125
94,20290.46484375,7526.7255859375,1.30884850025177,0.1667046695947647,27817.1904296875,0.018056869506835938,0.09140565991401672,0.05563437193632126,0.921875,0.078125
95,20231.125,7494.6123046875,1.2997105121612549,0.06761839985847473,27725.7373046875,0.018592357635498047,0.09199793636798859,0.0535411536693573,0.921875,0.078125
96,20131.26171875,7833.58203125,1.2913777828216553,0.012071450240910053,27964.84375,0.018170833587646484,0.09284839034080505,0.05109022930264473,0.921875,0.078125
97,20963.705078125,7741.3740234375,1.2919319868087769,0.06651753932237625,28705.0791015625,0.018095016479492188,0.09470517933368683,0.0530996099114418,0.9296875,0.0703125
98,21348.408203125,7729.5634765625,1.2935080528259277,0.03576334938406944,29077.9716796875,0.021795272827148438,0.09637762606143951,0.056265268474817276,0.9296875,0.0703125
99,21061.61328125,7725.1435546875,1.2946069240570068,0.015983423218131065,28786.7568359375,0.021764278411865234,0.09883701056241989,0.0618462897837162,0.9296875,0.0703125
100,20826.375,7829.94482421875,1.3062124252319336,0.09250632673501968,28656.31982421875,0.018151283264160156,0.10202711820602417,0.06891172379255295,0.9296875,0.0703125
101,19733.46875,7491.806640625,1.3173681497573853,0.031985197216272354,27225.275390625,0.018525123596191406,0.10321392118930817,0.0708695501089096,0.9296875,0.0703125
102,19203.04296875,7500.814453125,1.3123314380645752,0.06573116779327393,26703.857421875,0.01874709129333496,0.1033695638179779,0.0693821832537651,0.9296875,0.0703125
103,19080.34375,7473.17431640625,1.3056941032409668,0.282785028219223,26553.51806640625,0.01824951171875,0.10282155871391296,0.06720098853111267,0.9296875,0.0703125
104,19328.11328125,7480.8515625,1.2868009805679321,0.0012059947475790977,26808.96484375,0.018009185791015625,0.10091038048267365,0.06306761503219604,0.9296875,0.0703125
105,20832.875,7772.7373046875,1.2711660861968994,0.003288928885012865,28605.6123046875,0.018181324005126953,0.09945759922266006,0.06030469387769699,0.9296875,0.0703125
106,20056.55859375,7745.109375,1.2634221315383911,0.02564564347267151,27801.66796875,0.018102645874023438,0.09919507056474686,0.058429114520549774,0.9296875,0.0703125
107,19022.0234375,7464.5009765625,1.2567142248153687,0.03280804678797722,26486.5244140625,0.018468379974365234,0.09926803410053253,0.057047031819820404,0.9296875,0.0703125
108,19501.49609375,7600.525390625,1.2433345317840576,0.1623360514640808,27102.021484375,0.018080711364746094,0.09840373694896698,0.054148249328136444,0.9375,0.0625
109,18986.4921875,7736.26220703125,1.2353681325912476,0.15607647597789764,26722.75439453125,0.018157482147216797,0.09897705912590027,0.0572756789624691,0.9375,0.0625
110,19178.943359375,7735.1533203125,1.2410224676132202,0.03142917901277542,26914.0966796875,0.01854228973388672,0.10123142600059509,0.06138232350349426,0.9375,0.0625
111,19005.2265625,7588.7294921875,1.2460509538650513,0.05359051749110222,26593.9560546875,0.01801776885986328,0.10201982408761978,0.061775557696819305,0.9375,0.0625
112,19163.048828125,7576.8125,1.2439450025558472,0.05050605908036232,26739.861328125,0.018105506896972656,0.10302132368087769,0.06308552622795105,0.9296875,0.0703125
113,19405.84765625,7498.00390625,1.2413125038146973,0.014104828238487244,26903.8515625,0.01792740821838379,0.10361240804195404,0.06270195543766022,0.9296875,0.0703125
114,18439.275390625,7694.0419921875,1.241016149520874,0.09344418346881866,26133.3173828125,0.017816543579101562,0.10403161495923996,0.06414186954498291,0.9296875,0.0703125
115,18923.009765625,7813.2236328125,1.240791916847229,0.060058970004320145,26736.2333984375,0.018494367599487305,0.1055561751127243,0.07014712691307068,0.9296875,0.0703125
116,18939.337890625,7795.830078125,1.2380127906799316,0.1034366711974144,26735.16796875,0.01801609992980957,0.10603008419275284,0.07028694450855255,0.9296875,0.0703125
117,18281.19140625,7645.79345703125,1.2263007164001465,0.012265105731785297,25926.98486328125,0.017935514450073242,0.10581912100315094,0.06577354669570923,0.9453125,0.0546875
118,18310.7109375,7739.4580078125,1.207398533821106,0.03423808887600899,26050.1689453125,0.01827692985534668,0.10542634129524231,0.061831455677747726,0.9375,0.0625
119,18023.09765625,7524.42822265625,1.1911770105361938,0.0173664428293705,25547.52587890625,0.0181887149810791,0.10449811071157455,0.059039052575826645,0.9453125,0.0546875
120,18620.91796875,7607.7724609375,1.1912965774536133,0.06805203855037689,26228.6904296875,0.018054962158203125,0.1037473976612091,0.059641335159540176,0.9375,0.0625
121,18448.646484375,7651.412109375,1.2067824602127075,0.06699199229478836,26100.05859375,0.01836252212524414,0.10474952310323715,0.0638207197189331,0.9375,0.0625
122,19322.9140625,7750.1474609375,1.2370283603668213,0.03511204198002815,27073.0615234375,0.018145084381103516,0.10600724071264267,0.07028815895318985,0.9375,0.0625
123,18061.89453125,7732.396484375,1.2771847248077393,0.0192723348736763,25794.291015625,0.018246173858642578,0.10525043308734894,0.0661228597164154,0.9375,0.0625
124,18654.22265625,7795.49560546875,1.3154512643814087,0.060429830104112625,26449.71826171875,0.018187999725341797,0.1053173765540123,0.06326514482498169,0.921875,0.078125
125,18777.79296875,7851.8515625,1.3339812755584717,0.07597995549440384,26629.64453125,0.019316673278808594,0.10553252696990967,0.06286685913801193,0.921875,0.078125
126,19319.59375,7886.42578125,1.322263479232788,0.02042197249829769,27206.01953125,0.01862502098083496,0.10543641448020935,0.06550747156143188,0.921875,0.078125
127,18677.375,7778.1201171875,1.2977133989334106,0.053304217755794525,26455.4951171875,0.018204689025878906,0.10440792888402939,0.06295944005250931,0.9296875,0.0703125
128,18398.34765625,7881.5390625,1.2695695161819458,0.24318227171897888,26279.88671875,0.01918768882751465,0.10291124135255814,0.06265962868928909,0.9375,0.0625
129,18004.4609375,7793.12841796875,1.2478740215301514,0.00448797969147563,25797.58935546875,0.018533945083618164,0.10152630507946014,0.06481051445007324,0.9375,0.0625
130,18465.67578125,7705.0830078125,1.2478790283203125,0.0009969770908355713,26170.7587890625,0.01856207847595215,0.10033579170703888,0.06305539608001709,0.9375,0.0625
131,17334.7578125,7656.38720703125,1.2554728984832764,0.045811936259269714,24991.14501953125,0.018176794052124023,0.10012875497341156,0.06338299810886383,0.9375,0.0625
132,19445.99609375,7956.42431640625,1.270394206047058,0.07489672303199768,27402.42041015625,0.018297195434570312,0.09860798716545105,0.05958212912082672,0.9375,0.0625
133,18381.240234375,7511.9501953125,1.295290470123291,0.02066529169678688,25893.1904296875,0.018103599548339844,0.0978025421500206,0.05844060704112053,0.9296875,0.0703125
134,17778.28515625,7747.3623046875,1.3119314908981323,0.016061926260590553,25525.6474609375,0.018033742904663086,0.09742051362991333,0.05634133517742157,0.921875,0.078125
135,19897.08203125,8075.08544921875,1.31491219997406,0.027487199753522873,27972.16748046875,0.01813054084777832,0.0984402596950531,0.05652034655213356,0.921875,0.078125
136,18068.38671875,7872.224609375,1.2996500730514526,0.11698538064956665,25940.611328125,0.018082380294799805,0.10253344476222992,0.06948933750391006,0.9296875,0.0703125
137,19084.2578125,8041.8017578125,1.279044270515442,0.10370619595050812,27126.0595703125,0.018381834030151367,0.10629244893789291,0.07717025279998779,0.9296875,0.0703125
138,18674.306640625,7835.3017578125,1.2648712396621704,0.058134227991104126,26509.6083984375,0.018068552017211914,0.1026027649641037,0.07071039080619812,0.9296875,0.0703125
139,17825.93359375,7728.68359375,1.2615996599197388,0.11420586705207825,25554.6171875,0.01817178726196289,0.10085882246494293,0.06857763975858688,0.9296875,0.0703125
140,18759.9296875,7942.130859375,1.2765761613845825,0.01944873481988907,26702.060546875,0.018069982528686523,0.10360945016145706,0.0763099193572998,0.9296875,0.0703125
141,18064.376953125,7584.357421875,1.2959212064743042,0.0010020970366895199,25648.734375,0.017838239669799805,0.09798213839530945,0.06587237119674683,0.9296875,0.0703125
142,17087.15234375,7642.5576171875,1.3046525716781616,0.00012979238817933947,24729.7099609375,0.018399477005004883,0.09483902901411057,0.05927364528179169,0.9296875,0.0703125
143,18977.54296875,7812.984375,1.31000554561615,0.0019925327505916357,26790.52734375,0.017956256866455078,0.09419214725494385,0.057474005967378616,0.9296875,0.0703125
144,18436.296875,7453.18408203125,1.3094122409820557,0.04378044605255127,25889.48095703125,0.018067121505737305,0.09532028436660767,0.05628366023302078,0.9296875,0.0703125
145,18138.67578125,7787.9775390625,1.309936761856079,0.1111094206571579,25926.6533203125,0.0182950496673584,0.09540749341249466,0.054882537573575974,0.9296875,0.0703125
146,16998.703125,7678.8955078125,1.317671775817871,0.10088478028774261,24677.5986328125,0.01793813705444336,0.09540365636348724,0.05516641214489937,0.9296875,0.0703125
147,17903.171875,7668.00244140625,1.3264092206954956,0.2952636480331421,25571.17431640625,0.018133878707885742,0.09638594090938568,0.057486094534397125,0.9296875,0.0703125
148,17566.453125,7615.814453125,1.3337122201919556,0.06304597854614258,25182.267578125,0.017964601516723633,0.09789462387561798,0.05966629087924957,0.9296875,0.0703125
149,17270.14453125,7662.181640625,1.3262475728988647,0.04623057693243027,24932.326171875,0.018349170684814453,0.0992186963558197,0.06083238869905472,0.9296875,0.0703125
150,18087.28515625,7847.04443359375,1.3282784223556519,0.14518754184246063,25934.32958984375,0.018399953842163086,0.10028230398893356,0.06207401305437088,0.9296875,0.0703125
151,17604.400390625,7651.05712890625,1.3250038623809814,0.1461012363433838,25255.45751953125,0.017970561981201172,0.09956091642379761,0.061196230351924896,0.9296875,0.0703125
152,17471.08984375,7781.7294921875,1.321431279182434,0.01003686711192131,25252.8193359375,0.01789236068725586,0.09835512936115265,0.05996180698275566,0.9296875,0.0703125
153,16790.62109375,7581.0,1.3162046670913696,0.0022860809694975615,24371.62109375,0.018093109130859375,0.09799335896968842,0.06019147112965584,0.9296875,0.0703125
154,17590.046875,7675.2578125,1.2997071743011475,0.009006056003272533,25265.3046875,0.01814103126525879,0.09945656359195709,0.06331869214773178,0.9296875,0.0703125
155,17153.548828125,7731.625,1.277494192123413,0.01757633313536644,24885.173828125,0.01857757568359375,0.1012130081653595,0.0675278827548027,0.9296875,0.0703125
156,16405.830078125,7452.9873046875,1.2723162174224854,0.04607078433036804,23858.8173828125,0.019185543060302734,0.1017204076051712,0.06923428922891617,0.9296875,0.0703125
157,17047.435546875,7715.751953125,1.2828577756881714,0.022348899394273758,24763.1875,0.018828630447387695,0.10000746697187424,0.06743020564317703,0.9296875,0.0703125
158,17352.32421875,7843.8896484375,1.3193118572235107,0.011619564145803452,25196.2138671875,0.018503189086914062,0.09658679366111755,0.06405726820230484,0.9296875,0.0703125
159,18462.9921875,7843.7197265625,1.3518294095993042,3.9036443922668695e-05,26306.7119140625,0.018874645233154297,0.0957360565662384,0.061715833842754364,0.9296875,0.0703125
160,17058.16796875,7626.8095703125,1.3619905710220337,0.013335688970983028,24684.9775390625,0.018566370010375977,0.0968303382396698,0.06339713931083679,0.9296875,0.0703125
161,17081.6171875,7620.4423828125,1.3552124500274658,0.09669209271669388,24702.0595703125,0.0180356502532959,0.09793886542320251,0.06207936257123947,0.9296875,0.0703125
162,17272.427734375,7894.9423828125,1.3496049642562866,0.051187142729759216,25167.3701171875,0.017841815948486328,0.09848381578922272,0.06145680695772171,0.921875,0.078125
163,16779.09765625,7547.7080078125,1.3765429258346558,0.09460966289043427,24326.8056640625,0.017832279205322266,0.09825775027275085,0.06840559840202332,0.921875,0.078125
164,16699.01953125,7627.3798828125,1.3991729021072388,0.044637132436037064,24326.3994140625,0.017875194549560547,0.09429758787155151,0.06055903062224388,0.921875,0.078125
165,17200.884765625,7834.791015625,1.4131392240524292,0.002905161352828145,25035.67578125,0.017972946166992188,0.09319514781236649,0.06251721829175949,0.90625,0.09375
166,17002.509765625,7980.66650390625,1.4062817096710205,0.0022414259146898985,24983.17626953125,0.0179901123046875,0.09487363696098328,0.06131136789917946,0.90625,0.09375
167,17097.78125,7659.3662109375,1.3904153108596802,0.0006165477680042386,24757.1474609375,0.018372774124145508,0.09751340001821518,0.06364668905735016,0.9140625,0.0859375
168,17320.44140625,7830.4599609375,1.389124870300293,0.02482711523771286,25150.9013671875,0.01807999610900879,0.09904779493808746,0.06501465290784836,0.921875,0.078125
169,16917.380859375,7662.17236328125,1.409329891204834,0.05428832024335861,24579.55322265625,0.018122196197509766,0.09821796417236328,0.06388881057500839,0.9140625,0.0859375
170,16954.77734375,7653.3193359375,1.4350675344467163,0.02599589340388775,24608.0966796875,0.018016338348388672,0.09665358811616898,0.06291469931602478,0.90625,0.09375
171,16794.15234375,7668.9892578125,1.4600224494934082,0.002006921451538801,24463.1416015625,0.018122434616088867,0.09598533809185028,0.06391267478466034,0.90625,0.09375
172,17439.73046875,7678.2822265625,1.480254888534546,0.1510360985994339,25118.0126953125,0.01831650733947754,0.09690611064434052,0.06521718204021454,0.90625,0.09375
173,17178.67578125,7781.7666015625,1.4950473308563232,0.062401942908763885,24960.4423828125,0.0181124210357666,0.09773656725883484,0.06540583074092865,0.90625,0.09375
174,17182.935546875,7793.47607421875,1.5037307739257812,0.05392574146389961,24976.41162109375,0.0183260440826416,0.0979011207818985,0.06748175621032715,0.8984375,0.1015625
175,17470.068359375,7844.3583984375,1.5088218450546265,0.013336720876395702,25314.4267578125,0.018095016479492188,0.09721672534942627,0.06855316460132599,0.8984375,0.1015625
176,17509.04296875,7705.5361328125,1.512032151222229,0.049975328147411346,25214.5791015625,0.018530607223510742,0.09533139318227768,0.06341502070426941,0.8984375,0.1015625
177,17983.31640625,7872.7763671875,1.5172884464263916,0.011169718578457832,25856.0927734375,0.01805734634399414,0.09610115736722946,0.06377222388982773,0.90625,0.09375
178,17084.04296875,7658.431640625,1.516861915588379,0.1536792665719986,24742.474609375,0.018412113189697266,0.09739288687705994,0.06358641386032104,0.90625,0.09375
179,17124.673828125,7662.83544921875,1.5129687786102295,0.025985391810536385,24787.50927734375,0.0184628963470459,0.09743744134902954,0.05891092121601105,0.9140625,0.0859375
180,17820.9609375,7871.8515625,1.5071384906768799,0.03539009764790535,25692.8125,0.01796412467956543,0.09860119968652725,0.06258498132228851,0.9140625,0.0859375
181,16124.791015625,7621.744140625,1.5229789018630981,0.0345936082303524,23746.53515625,0.017990827560424805,0.09668834507465363,0.05820123106241226,0.9140625,0.0859375
182,16231.904296875,7790.67578125,1.5457407236099243,0.0016305167227983475,24022.580078125,0.018341541290283203,0.09426604211330414,0.06148272752761841,0.90625,0.09375
183,17207.16015625,7981.435546875,1.5560553073883057,0.00014174655370879918,25188.595703125,0.020320892333984375,0.092120461165905,0.05730088800191879,0.8984375,0.1015625
184,16885.416015625,7854.626953125,1.547140121459961,0.04424336180090904,24740.04296875,0.018454790115356445,0.09164854884147644,0.055978938937187195,0.8984375,0.1015625
185,16545.0625,7567.15625,1.53081214427948,0.06487035751342773,24112.21875,0.018149375915527344,0.09200583398342133,0.05797265097498894,0.90625,0.09375
186,15714.23046875,7567.1455078125,1.5065947771072388,0.04618896543979645,23281.3759765625,0.018404245376586914,0.09064169228076935,0.05611816793680191,0.90625,0.09375
187,16612.00390625,7627.5908203125,1.4841946363449097,0.10512828826904297,24239.5947265625,0.018338441848754883,0.08752381801605225,0.05360518395900726,0.9140625,0.0859375
188,17270.69921875,7759.37158203125,1.4722530841827393,0.0011932043125852942,25030.07080078125,0.018658161163330078,0.08518683165311813,0.05284242331981659,0.9140625,0.0859375
189,16633.869140625,7756.5634765625,1.4619688987731934,0.09828133136034012,24390.4326171875,0.01974034309387207,0.08272414654493332,0.05153801292181015,0.9140625,0.0859375
190,15893.55078125,7480.9501953125,1.4590822458267212,0.0013030359987169504,23374.5009765625,0.019208431243896484,0.08079773187637329,0.050007544457912445,0.9140625,0.0859375
191,17531.78125,7734.26513671875,1.457773208618164,0.0007003098726272583,25266.04638671875,0.018106937408447266,0.07945895195007324,0.048349205404520035,0.9140625,0.0859375
192,16195.244140625,7568.39794921875,1.4581965208053589,0.08499329537153244,23763.64208984375,0.017870426177978516,0.07911312580108643,0.046443838626146317,0.90625,0.09375
193,16950.041015625,7827.744140625,1.461188554763794,0.032088447362184525,24777.78515625,0.018078327178955078,0.07980664074420929,0.04644863307476044,0.9140625,0.0859375
194,16422.314453125,7492.00732421875,1.4718495607376099,0.06235656514763832,23914.32177734375,0.018714189529418945,0.08016073703765869,0.046560563147068024,0.90625,0.09375
195,15997.4775390625,7620.79638671875,1.4779964685440063,0.14904458820819855,23618.27392578125,0.01780080795288086,0.08053149282932281,0.04702567681670189,0.90625,0.09375
196,16319.3310546875,7752.2109375,1.4823108911514282,0.14931263029575348,24071.5419921875,0.01781940460205078,0.08099838346242905,0.04806879907846451,0.90625,0.09375
197,16548.3984375,7691.146484375,1.4768438339233398,0.0723959282040596,24239.544921875,0.01804804801940918,0.08170711994171143,0.0513063482940197,0.90625,0.09375
198,15639.4384765625,7654.451171875,1.4685240983963013,0.005191624630242586,23293.8896484375,0.017894268035888672,0.08171889185905457,0.05269449204206467,0.90625,0.09375
199,15764.1416015625,7513.1103515625,1.4690309762954712,0.01408341247588396,23277.251953125,0.018732309341430664,0.08229674398899078,0.05350571498274803,0.90625,0.09375
200,15799.876953125,7552.15966796875,1.468400001525879,0.005935078486800194,23352.03662109375,0.018015384674072266,0.08214530348777771,0.04975619539618492,0.90625,0.09375
201,15978.009765625,7758.88818359375,1.4630287885665894,0.03135102614760399,23736.89794921875,0.01891016960144043,0.08129709959030151,0.04637416452169418,0.9140625,0.0859375
202,16367.595703125,7463.720703125,1.4581173658370972,0.04965333640575409,23831.31640625,0.01833653450012207,0.07970535755157471,0.04593604803085327,0.9140625,0.0859375
203,16517.89453125,7609.865234375,1.4542012214660645,0.013623368926346302,24127.759765625,0.018105030059814453,0.07875245809555054,0.04523283615708351,0.90625,0.09375
204,16406.42578125,7748.912109375,1.4469937086105347,0.03744027391076088,24155.337890625,0.01847243309020996,0.0773378312587738,0.04565804451704025,0.9140625,0.0859375
205,14764.029296875,7462.79541015625,1.4421074390411377,0.07522733509540558,22226.82470703125,0.018016338348388672,0.07661472260951996,0.04491416737437248,0.9140625,0.0859375
206,15650.041015625,7404.85791015625,1.434966802597046,0.004287906922399998,23054.89892578125,0.018520593643188477,0.0750734731554985,0.044570133090019226,0.9140625,0.0859375
207,16114.8681640625,7730.3134765625,1.4307053089141846,0.020858939737081528,23845.181640625,0.018392562866210938,0.07353613525629044,0.043851811438798904,0.9140625,0.0859375
208,15981.0361328125,7788.52734375,1.428890585899353,6.215685425559059e-05,23769.5634765625,0.018018484115600586,0.07259636372327805,0.04347975552082062,0.90625,0.09375
209,15329.140625,7660.482421875,1.4334886074066162,0.008892245590686798,22989.623046875,0.017992734909057617,0.07284924387931824,0.044081345200538635,0.90625,0.09375
210,16338.068359375,7631.13671875,1.441495418548584,0.04750433936715126,23969.205078125,0.01820850372314453,0.0741484984755516,0.04496815800666809,0.90625,0.09375
211,15158.31640625,7461.17333984375,1.4542475938796997,0.02615424245595932,22619.48974609375,0.018461227416992188,0.07461114227771759,0.04386468976736069,0.90625,0.09375
212,17594.85546875,8065.3330078125,1.464678168296814,0.02942187897861004,25660.1884765625,0.01867961883544922,0.07392270863056183,0.0425168052315712,0.8984375,0.1015625
213,16936.990234375,7711.6748046875,1.4729357957839966,0.023140549659729004,24648.6650390625,0.018230915069580078,0.0735793262720108,0.045349061489105225,0.8984375,0.1015625
214,16757.728515625,7719.5419921875,1.481849193572998,0.0010438869940117002,24477.2705078125,0.0190122127532959,0.07412513345479965,0.047086648643016815,0.8984375,0.1015625
215,15662.6904296875,7546.34765625,1.4937843084335327,0.04330361261963844,23209.0380859375,0.018585205078125,0.07504284381866455,0.04771137982606888,0.8984375,0.1015625
216,16917.0390625,7756.62255859375,1.5057599544525146,0.024911876767873764,24673.66162109375,0.018293380737304688,0.07655495405197144,0.04669007286429405,0.8984375,0.1015625
217,16102.310546875,7738.2451171875,1.5078270435333252,0.01393487211316824,23840.5556640625,0.020456552505493164,0.07728711515665054,0.04501074552536011,0.8984375,0.1015625
218,16146.5419921875,7672.7099609375,1.5141584873199463,0.04764392971992493,23819.251953125,0.01824021339416504,0.07873637974262238,0.0443248376250267,0.90625,0.09375
219,16363.453125,7660.5126953125,1.5180941820144653,0.04369053989648819,24023.9658203125,0.02019977569580078,0.07990306615829468,0.04636397957801819,0.90625,0.09375
220,16831.03515625,7825.9794921875,1.5290521383285522,0.03438512980937958,24657.0146484375,0.01808929443359375,0.08072347939014435,0.04721695929765701,0.90625,0.09375
221,16329.66796875,7718.2255859375,1.5339925289154053,0.08236744999885559,24047.8935546875,0.01779770851135254,0.07986998558044434,0.0459689199924469,0.90625,0.09375
222,16401.37109375,8053.8271484375,1.5324623584747314,0.05737963318824768,24455.1982421875,0.017896175384521484,0.07890262454748154,0.04502767324447632,0.90625,0.09375
223,16441.650390625,7746.1591796875,1.5271978378295898,0.0060471477918326855,24187.8095703125,0.017931222915649414,0.07692386209964752,0.04308160021901131,0.90625,0.09375
224,16038.212890625,7762.76806640625,1.519256353378296,0.0077951829880476,23800.98095703125,0.017769813537597656,0.07590706646442413,0.042135339230298996,0.90625,0.09375
225,16701.25,7813.8818359375,1.5022461414337158,0.00823777075856924,24515.1318359375,0.01847529411315918,0.07399042695760727,0.04133126884698868,0.90625,0.09375
226,16166.111328125,7828.43359375,1.4838498830795288,1.9056151359109208e-05,23994.544921875,0.01799488067626953,0.07223782688379288,0.04032102972269058,0.9140625,0.0859375
227,16735.189453125,7913.16943359375,1.4683778285980225,0.07267441600561142,24648.35888671875,0.017876625061035156,0.07253678143024445,0.042921457439661026,0.9140625,0.0859375
228,16730.55859375,7987.6845703125,1.4535719156265259,0.01693667843937874,24718.2431640625,0.017825603485107422,0.07297483831644058,0.04393695294857025,0.9140625,0.0859375
229,15559.927734375,7576.49755859375,1.433118224143982,0.0022467041853815317,23136.42529296875,0.01779913902282715,0.07145488262176514,0.04211989790201187,0.9140625,0.0859375
230,16757.859375,7737.01025390625,1.4115482568740845,0.008480674587190151,24494.86962890625,0.018396854400634766,0.06945638358592987,0.039832621812820435,0.9140625,0.0859375
231,16662.31640625,8011.8046875,1.3952012062072754,0.04454941302537918,24674.12109375,0.01816558837890625,0.06866404414176941,0.038799043744802475,0.9140625,0.0859375
232,15515.125,7808.865234375,1.3858832120895386,0.032247330993413925,23323.990234375,0.018012046813964844,0.06847845017910004,0.03952581435441971,0.9140625,0.0859375
233,16176.62109375,7800.1005859375,1.377938985824585,0.032693587243556976,23976.7216796875,0.018014192581176758,0.06821762025356293,0.0393671840429306,0.9140625,0.0859375
234,15293.73046875,7323.806640625,1.367527723312378,0.03611563518643379,22617.537109375,0.018143177032470703,0.06713517755270004,0.03764670342206955,0.9140625,0.0859375
235,16142.857421875,7757.87451171875,1.3731937408447266,0.04653136059641838,23900.73193359375,0.018221378326416016,0.06627796590328217,0.03550627827644348,0.9140625,0.0859375
236,16738.4609375,7705.7080078125,1.3865916728973389,0.15623773634433746,24444.1689453125,0.017902612686157227,0.06612999737262726,0.03534161299467087,0.9140625,0.0859375
237,15499.548828125,7662.5048828125,1.4086278676986694,0.038940802216529846,23162.0537109375,0.018252849578857422,0.0661110058426857,0.03550032526254654,0.9140625,0.0859375
238,15715.283203125,7687.1171875,1.4337834119796753,0.005308813415467739,23402.400390625,0.01815176010131836,0.06594474613666534,0.03531598299741745,0.9140625,0.0859375
239,16065.16796875,7782.7421875,1.4528851509094238,0.03501259535551071,23847.91015625,0.018082380294799805,0.06646209210157394,0.03550898656249046,0.9140625,0.0859375
240,16632.265625,8064.68359375,1.4682551622390747,0.12535594403743744,24696.94921875,0.017966508865356445,0.06743225455284119,0.035586271435022354,0.90625,0.09375
241,17684.62109375,7923.86083984375,1.4771552085876465,0.003437967272475362,25608.48193359375,0.018383026123046875,0.06830944120883942,0.0379360169172287,0.90625,0.09375
242,15290.4013671875,7480.8486328125,1.4823763370513916,0.003534363117069006,22771.25,0.018580198287963867,0.0688537061214447,0.0388493537902832,0.90625,0.09375
243,16776.50390625,7700.19140625,1.4896624088287354,0.014333858154714108,24476.6953125,0.017870426177978516,0.06913641095161438,0.03786100074648857,0.90625,0.09375
244,15766.26171875,7676.162109375,1.4895339012145996,0.07351887971162796,23442.423828125,0.018327713012695312,0.06913715600967407,0.03739548102021217,0.90625,0.09375
245,16460.603515625,7746.3916015625,1.4874162673950195,0.03448529541492462,24206.9951171875,0.018031597137451172,0.06947480887174606,0.038265105336904526,0.90625,0.09375
246,15886.7001953125,7704.5791015625,1.4697206020355225,0.05233604088425636,23591.279296875,0.018172025680541992,0.06982860714197159,0.040235769003629684,0.90625,0.09375
247,16415.865234375,7699.23828125,1.438309907913208,0.0012999029131606221,24115.103515625,0.018140077590942383,0.06992623955011368,0.0433984100818634,0.90625,0.09375
248,15675.9052734375,7607.12109375,1.4227513074874878,0.21747316420078278,23283.0263671875,0.019015789031982422,0.06965111196041107,0.044663205742836,0.90625,0.09375
249,16314.724609375,7883.65771484375,1.4155601263046265,0.22158198058605194,24198.38232421875,0.017885684967041016,0.06894832849502563,0.0445123091340065,0.90625,0.09375
250,16218.048828125,7625.25,1.4132506847381592,0.06308982521295547,23843.298828125,0.018030405044555664,0.06851343810558319,0.04381907731294632,0.90625,0.09375
251,15981.287109375,7737.8857421875,1.4141088724136353,0.020281031727790833,23719.1728515625,0.018865108489990234,0.06814999133348465,0.04340963810682297,0.90625,0.09375
252,16125.6015625,7861.7861328125,1.406156301498413,0.0007816718425601721,23987.3876953125,0.01852250099182129,0.0660187304019928,0.03818105161190033,0.90625,0.09375
253,16058.3916015625,7637.00048828125,1.4063197374343872,0.02833423763513565,23695.39208984375,0.018050193786621094,0.06599336862564087,0.036405615508556366,0.90625,0.09375
254,16289.3896484375,7976.1689453125,1.3910397291183472,0.2955220639705658,24265.55859375,0.018862485885620117,0.06617359817028046,0.03947383165359497,0.9140625,0.0859375
255,15905.8720703125,7752.87158203125,1.3813066482543945,0.0014906548894941807,23658.74365234375,0.01805853843688965,0.0685638040304184,0.04513760656118393,0.9140625,0.0859375
256,15075.8037109375,7613.359375,1.3719816207885742,0.15012195706367493,22689.1630859375,0.017993927001953125,0.07028801739215851,0.04862320423126221,0.9140625,0.0859375
257,16760.673828125,7775.94873046875,1.372957468032837,0.09381323307752609,24536.62255859375,0.018446922302246094,0.06893772631883621,0.045576196163892746,0.9140625,0.0859375
258,16016.6689453125,7937.818359375,1.3772598505020142,0.002772749401628971,23954.4873046875,0.01791524887084961,0.07069803774356842,0.04777652025222778,0.9140625,0.0859375
259,15180.01171875,7687.2646484375,1.3674544095993042,0.004556810948997736,22867.2763671875,0.01793670654296875,0.07055485248565674,0.04911090433597565,0.9140625,0.0859375
260,15926.9169921875,7733.76953125,1.3613947629928589,0.0322393998503685,23660.6865234375,0.018109798431396484,0.06970305740833282,0.04937747120857239,0.9140625,0.0859375
261,16129.4326171875,7682.5908203125,1.3635128736495972,0.0013181801186874509,23812.0234375,0.018290996551513672,0.06881001591682434,0.04837828129529953,0.9140625,0.0859375
262,15812.53515625,7815.8740234375,1.3710224628448486,4.319407253206009e-06,23628.4091796875,0.018852949142456055,0.06810198724269867,0.04573461413383484,0.9140625,0.0859375
263,15347.8515625,7796.9013671875,1.3623536825180054,0.4565974771976471,23144.7529296875,0.017961740493774414,0.066504567861557,0.04236045479774475,0.9140625,0.0859375
264,15650.1171875,7804.28515625,1.347698450088501,0.02272954210639,23454.40234375,0.01829695701599121,0.06536594778299332,0.041273340582847595,0.9140625,0.0859375
265,15423.591796875,7684.9267578125,1.326684832572937,0.001391841098666191,23108.5185546875,0.018313169479370117,0.06346552073955536,0.041191861033439636,0.9140625,0.0859375
266,15498.9267578125,7802.23828125,1.3068758249282837,0.0025712130591273308,23301.1650390625,0.01875591278076172,0.061811745166778564,0.04020923376083374,0.9140625,0.0859375
267,16089.7958984375,7931.09912109375,1.300372838973999,0.018226392567157745,24020.89501953125,0.01789402961730957,0.061284180730581284,0.039362967014312744,0.9140625,0.0859375
268,15569.576171875,7842.14453125,1.3094795942306519,0.009987890720367432,23411.720703125,0.017928600311279297,0.06194646656513214,0.03932056576013565,0.9140625,0.0859375
269,14599.5029296875,7304.35205078125,1.3118587732315063,0.07044469565153122,21903.85498046875,0.018364429473876953,0.06188443303108215,0.03979901969432831,0.9140625,0.0859375
270,16285.619140625,7953.3349609375,1.3114949464797974,0.015422764234244823,24238.9541015625,0.01879739761352539,0.06286647915840149,0.041676171123981476,0.9140625,0.0859375
271,15407.607421875,7651.35205078125,1.297215223312378,0.009709861129522324,23058.95947265625,0.018172740936279297,0.06252743303775787,0.04250410199165344,0.9140625,0.0859375
272,14949.689453125,7464.7646484375,1.276116967201233,0.035503942519426346,22414.4541015625,0.01784062385559082,0.06142589449882507,0.04164423793554306,0.9140625,0.0859375
273,15056.552734375,7776.515625,1.2559839487075806,0.000597930746152997,22833.068359375,0.0179290771484375,0.05927940830588341,0.03787508234381676,0.9140625,0.0859375
274,15733.861328125,7657.9423828125,1.2498400211334229,0.04103197902441025,23391.8037109375,0.017993927001953125,0.06001756340265274,0.03647594898939133,0.9140625,0.0859375
275,16063.8095703125,7920.65185546875,1.234154462814331,0.020065411925315857,23984.46142578125,0.018863677978515625,0.059479810297489166,0.03477313369512558,0.9140625,0.0859375
276,15156.017578125,7812.9384765625,1.2162775993347168,0.03565710783004761,22968.9560546875,0.018681049346923828,0.05780410021543503,0.034280095249414444,0.9140625,0.0859375
277,15277.7666015625,7755.689453125,1.2061609029769897,0.03181503340601921,23033.4560546875,0.018253803253173828,0.05623096227645874,0.03299848735332489,0.9140625,0.0859375
278,15997.3369140625,8090.2421875,1.2122246026992798,0.0037742338608950377,24087.5791015625,0.018819093704223633,0.056961096823215485,0.03280827775597572,0.921875,0.078125
279,15817.775390625,7876.6591796875,1.2303587198257446,0.015965536236763,23694.4345703125,0.018918514251708984,0.05879555642604828,0.034356676042079926,0.921875,0.078125
280,14677.86328125,7781.208984375,1.246748447418213,0.0023820556234568357,22459.072265625,0.018071889877319336,0.06035827100276947,0.03485105559229851,0.9140625,0.0859375
281,16683.36328125,7835.20263671875,1.253920555114746,0.005199105478823185,24518.56591796875,0.01820087432861328,0.06069206818938255,0.03732171282172203,0.9140625,0.0859375
282,15435.25,7732.830078125,1.2548613548278809,0.05095023661851883,23168.080078125,0.020241498947143555,0.06061028689146042,0.038261886686086655,0.9140625,0.0859375
283,14797.2578125,7590.2001953125,1.2548772096633911,0.001352948253042996,22387.4580078125,0.017919063568115234,0.06180402263998985,0.041234955191612244,0.9140625,0.0859375
284,15509.6953125,7662.92724609375,1.2616982460021973,0.0068215918727219105,23172.62255859375,0.018064260482788086,0.06425943970680237,0.04375557228922844,0.9140625,0.0859375
285,15522.2607421875,7869.09521484375,1.2859141826629639,0.02980808913707733,23391.35595703125,0.01820969581604004,0.06626822799444199,0.04378807544708252,0.9140625,0.0859375
286,15669.013671875,7999.0908203125,1.3022377490997314,0.096716970205307,23668.1044921875,0.01814579963684082,0.0658406913280487,0.04101299121975899,0.9140625,0.0859375
287,15198.3876953125,7778.1875,1.3143104314804077,0.003551791189238429,22976.5751953125,0.018455982208251953,0.06654895842075348,0.04090774804353714,0.9140625,0.0859375
288,15602.578125,7679.63671875,1.3057429790496826,0.0007305321632884443,23282.21484375,0.01798391342163086,0.0664544627070427,0.04184722155332565,0.9140625,0.0859375
289,14693.498046875,7636.14599609375,1.2930083274841309,0.0071199806407094,22329.64404296875,0.017996788024902344,0.06570213288068771,0.04206963628530502,0.9140625,0.0859375
290,16280.734375,8046.4345703125,1.279933214187622,0.0010832156985998154,24327.1689453125,0.023126840591430664,0.06625565141439438,0.043462589383125305,0.9140625,0.0859375
291,15600.3603515625,7799.5986328125,1.2739182710647583,0.0009754008497111499,23399.958984375,0.018060922622680664,0.06680141389369965,0.04338233917951584,0.9140625,0.0859375
292,15951.720703125,7848.67041015625,1.267865777015686,0.012609490193426609,23800.39111328125,0.018807411193847656,0.0655275508761406,0.03895900771021843,0.9140625,0.0859375
293,16225.7119140625,7908.0283203125,1.251765251159668,0.05620724335312843,24133.740234375,0.018017292022705078,0.06310678273439407,0.035844042897224426,0.9140625,0.0859375
294,15892.513671875,7997.51220703125,1.2385739088058472,0.04114344343543053,23890.02587890625,0.01816582679748535,0.061231113970279694,0.03420548513531685,0.921875,0.078125
295,15865.37890625,7889.5380859375,1.23723566532135,0.11766259372234344,23754.9169921875,0.01801133155822754,0.06103387475013733,0.034208446741104126,0.9140625,0.0859375
296,15268.146484375,7830.60888671875,1.246163249015808,0.00614364817738533,23098.75537109375,0.018054723739624023,0.06304360181093216,0.03940175846219063,0.9140625,0.0859375
297,16353.634765625,7889.0205078125,1.2623798847198486,0.01635368913412094,24242.6552734375,0.01815319061279297,0.06631405651569366,0.045009661465883255,0.9140625,0.0859375
298,16970.544921875,7861.04541015625,1.2613571882247925,5.91383741266327e-06,24831.59033203125,0.018197059631347656,0.06619726121425629,0.04466579854488373,0.9140625,0.0859375
299,15873.630859375,7778.46875,1.25679612159729,0.03549342602491379,23652.099609375,0.018126964569091797,0.06516872346401215,0.04466661810874939,0.9140625,0.0859375
300,15117.3125,7684.529296875,1.245546817779541,1.786903847111887e-09,22801.841796875,0.018062353134155273,0.06140240281820297,0.038113102316856384,0.9140625,0.0859375
301,16336.904296875,7740.3232421875,1.2382519245147705,0.0012023055460304022,24077.2275390625,0.018331527709960938,0.059912677854299545,0.03485068678855896,0.921875,0.078125
302,15684.5712890625,7836.3232421875,1.2459790706634521,0.07927931100130081,23520.89453125,0.018510818481445312,0.0610048770904541,0.03585745394229889,0.9140625,0.0859375
303,16211.640625,7831.921875,1.2449469566345215,1.0688130714697763e-05,24043.5625,0.018193721771240234,0.06238102167844772,0.038307592272758484,0.9140625,0.0859375
304,14828.6103515625,7638.08447265625,1.2270417213439941,0.000411308923503384,22466.69482421875,0.018263578414916992,0.062161289155483246,0.03787268325686455,0.921875,0.078125
305,14963.478515625,7577.4931640625,1.2118873596191406,0.002873182063922286,22540.9716796875,0.018037080764770508,0.061576712876558304,0.0406358540058136,0.921875,0.078125
306,15359.1728515625,7745.953125,1.2155050039291382,0.009817486628890038,23105.1259765625,0.017894506454467773,0.06034911796450615,0.03791156783699989,0.921875,0.078125
307,15375.595703125,7759.39013671875,1.2209222316741943,0.09926342219114304,23134.98583984375,0.01898646354675293,0.05925488471984863,0.03579919785261154,0.921875,0.078125
308,15813.4921875,7794.751953125,1.220697045326233,0.029014863073825836,23608.244140625,0.01856255531311035,0.058736540377140045,0.03682785481214523,0.921875,0.078125
309,15032.68359375,7656.0986328125,1.2198312282562256,0.005132557358592749,22688.7822265625,0.018059968948364258,0.059078749269247055,0.03822986036539078,0.921875,0.078125
310,15116.2177734375,7887.93310546875,1.2161377668380737,0.05157060548663139,23004.15087890625,0.018331527709960938,0.058590713888406754,0.0373019278049469,0.921875,0.078125
311,15873.7783203125,7960.8466796875,1.2141233682632446,0.2660343647003174,23834.625,0.017935991287231445,0.05847901478409767,0.037407711148262024,0.9140625,0.0859375
312,16114.0244140625,7799.9423828125,1.2077361345291138,0.009575306437909603,23913.966796875,0.017888545989990234,0.05868333950638771,0.036282092332839966,0.921875,0.078125
313,15557.9921875,7667.51904296875,1.2132604122161865,1.7056483557098545e-05,23225.51123046875,0.017861604690551758,0.058877378702163696,0.03668532520532608,0.921875,0.078125
314,14849.7734375,7788.75244140625,1.2281681299209595,0.28583309054374695,22638.52587890625,0.017590761184692383,0.05838147923350334,0.03478352725505829,0.921875,0.078125
315,14934.92578125,7997.05810546875,1.2360471487045288,0.005510883871465921,22931.98388671875,0.017804384231567383,0.05772532522678375,0.033903975039720535,0.9140625,0.0859375
316,15465.2783203125,7966.75390625,1.2270056009292603,0.032986417412757874,23432.0322265625,0.017960309982299805,0.05771932750940323,0.03565146028995514,0.921875,0.078125
317,15039.71875,7769.7197265625,1.2109642028808594,0.006543295923620462,22809.4384765625,0.01786065101623535,0.05735430121421814,0.0358293391764164,0.921875,0.078125
318,14981.0185546875,7640.94140625,1.2069072723388672,0.048087749630212784,22621.9599609375,0.01810455322265625,0.05744946002960205,0.03464793041348457,0.9296875,0.0703125
319,15872.248046875,8065.03955078125,1.1969757080078125,0.004133176989853382,23937.28759765625,0.018047809600830078,0.05786915123462677,0.03592993691563606,0.9296875,0.0703125
320,14840.3720703125,7761.1845703125,1.182874321937561,0.00790097564458847,22601.556640625,0.018419504165649414,0.057513006031513214,0.03673774376511574,0.9296875,0.0703125
321,15108.892578125,7869.796875,1.168884515762329,6.77895441185683e-05,22978.689453125,0.01792454719543457,0.05631234496831894,0.03435651957988739,0.9296875,0.0703125
322,16195.490234375,8057.5234375,1.161697506904602,0.06672020256519318,24253.013671875,0.01824188232421875,0.055944859981536865,0.033438634127378464,0.9296875,0.0703125
323,15580.19921875,7944.609375,1.1525905132293701,0.0026135656516999006,23524.80859375,0.01816534996032715,0.055455923080444336,0.03470330685377121,0.9296875,0.0703125
324,14380.8330078125,7889.689453125,1.1414673328399658,0.0008609442738816142,22270.5224609375,0.017895936965942383,0.05383232235908508,0.03239589184522629,0.921875,0.078125
325,14831.94140625,7827.037109375,1.139846682548523,5.173853423912078e-06,22658.978515625,0.018036842346191406,0.052920326590538025,0.03335563465952873,0.9296875,0.0703125
326,14657.52734375,7734.9638671875,1.1366050243377686,0.000130209926282987,22392.4912109375,0.018467187881469727,0.052857715636491776,0.035748012363910675,0.9296875,0.0703125
327,15793.314453125,8011.44384765625,1.1489027738571167,0.027925526723265648,23804.75830078125,0.018277883529663086,0.05367349088191986,0.03620673343539238,0.9296875,0.0703125
328,15455.162109375,7802.89501953125,1.1659682989120483,0.06275337189435959,23258.05712890625,0.017978191375732422,0.05446181446313858,0.03533737361431122,0.921875,0.078125
329,15437.63671875,7694.2138671875,1.176396131515503,0.33571240305900574,23131.8505859375,0.0180513858795166,0.05516986548900604,0.03779135271906853,0.921875,0.078125
330,15325.51953125,7842.0703125,1.1779417991638184,0.02777034230530262,23167.58984375,0.018138647079467773,0.055374570190906525,0.036031268537044525,0.9296875,0.0703125
331,15215.625,7492.521484375,1.1736180782318115,0.10485868901014328,22708.146484375,0.017937421798706055,0.055669061839580536,0.03603760898113251,0.9296875,0.0703125
332,15130.1962890625,7678.40478515625,1.162367343902588,0.00042096112156286836,22808.60107421875,0.018466472625732422,0.05527012050151825,0.03487851843237877,0.9296875,0.0703125
333,14725.1875,7490.146484375,1.1486434936523438,0.049516461789608,22215.333984375,0.01830577850341797,0.054379455745220184,0.033784277737140656,0.9296875,0.0703125
334,14983.15625,7775.783203125,1.1407338380813599,0.0012439679121598601,22758.939453125,0.020754337310791016,0.054362695664167404,0.03458201140165329,0.9296875,0.0703125
335,15342.3798828125,7785.7041015625,1.1408814191818237,0.009138892404735088,23128.083984375,0.020883560180664062,0.05471663922071457,0.035138994455337524,0.9296875,0.0703125
336,15125.578125,7733.73974609375,1.1392947435379028,0.004903831519186497,22859.31787109375,0.018662214279174805,0.055233895778656006,0.03539198637008667,0.9296875,0.0703125
337,14241.625,7676.8671875,1.1433336734771729,0.00012592242273967713,21918.4921875,0.018376588821411133,0.05541263893246651,0.034692998975515366,0.9296875,0.0703125
338,15131.5673828125,7734.4052734375,1.1522496938705444,0.0053620352409780025,22865.97265625,0.01813197135925293,0.055954985320568085,0.03390340507030487,0.9296875,0.0703125
339,15015.4443359375,7788.998046875,1.1690157651901245,0.017062904313206673,22804.4423828125,0.01799750328063965,0.05850216746330261,0.03742644563317299,0.921875,0.078125
340,14773.69140625,7826.4580078125,1.1707326173782349,0.0027970541268587112,22600.1494140625,0.01803755760192871,0.05995665863156319,0.03740662708878517,0.9296875,0.0703125
341,15168.9853515625,7950.998046875,1.1741009950637817,0.07931389659643173,23119.9833984375,0.01829695701599121,0.061284132301807404,0.03759126365184784,0.9296875,0.0703125
342,15268.3701171875,7974.59814453125,1.178999423980713,0.037018440663814545,23242.96826171875,0.01777935028076172,0.06224173307418823,0.0392751507461071,0.921875,0.078125
343,14793.701171875,7687.11328125,1.1732972860336304,0.045990992337465286,22480.814453125,0.0180666446685791,0.06186789274215698,0.042060695588588715,0.9296875,0.0703125
344,16675.888671875,7979.9462890625,1.155558466911316,0.09924763441085815,24655.8349609375,0.017871618270874023,0.05958888307213783,0.03781002014875412,0.9296875,0.0703125
345,14392.689453125,7700.8369140625,1.1403323411941528,0.0036299964413046837,22093.5263671875,0.018371105194091797,0.05781420320272446,0.035893816500902176,0.9375,0.0625
346,14527.34765625,7635.3642578125,1.132261037826538,0.02496020682156086,22162.7119140625,0.018166780471801758,0.05700689181685448,0.03638608008623123,0.9375,0.0625
347,15814.283203125,8016.1435546875,1.1270736455917358,0.0033093213569372892,23830.4267578125,0.0178682804107666,0.05632505938410759,0.03575436770915985,0.9375,0.0625
348,14800.9609375,7536.05859375,1.1207679510116577,5.106218850414734e-06,22337.01953125,0.01927804946899414,0.0554073266685009,0.03454992175102234,0.9375,0.0625
349,14681.6640625,7658.4521484375,1.1169365644454956,0.0002944354200735688,22340.1162109375,0.01800823211669922,0.05439271777868271,0.03190780431032181,0.9375,0.0625
350,15012.5732421875,7920.11962890625,1.1183135509490967,0.0066202254965901375,22932.69287109375,0.018160581588745117,0.054336067289114,0.033456869423389435,0.9296875,0.0703125
351,14651.220703125,7864.90869140625,1.1160649061203003,0.07321645319461823,22516.12939453125,0.017960786819458008,0.05385875701904297,0.033193930983543396,0.9296875,0.0703125
352,15997.455078125,7962.5849609375,1.1143922805786133,0.0398235097527504,23960.0400390625,0.018044471740722656,0.05288637429475784,0.03152385354042053,0.9296875,0.0703125
353,14852.6455078125,7984.310546875,1.1067261695861816,0.056636713445186615,22836.9560546875,0.018466949462890625,0.05251268297433853,0.0320645272731781,0.9296875,0.0703125
354,15495.2998046875,8016.10546875,1.094799518585205,0.03754227235913277,23511.4052734375,0.01816415786743164,0.05127860605716705,0.030979450792074203,0.9296875,0.0703125
355,15678.5556640625,8057.96533203125,1.0817824602127075,0.0590655542910099,23736.52099609375,0.018031835556030273,0.049842238426208496,0.029330845922231674,0.9375,0.0625
356,15299.4365234375,7952.8525390625,1.069247841835022,0.01066313125193119,23252.2890625,0.017964601516723633,0.049561284482479095,0.03178038448095322,0.9375,0.0625
357,15307.939453125,7918.29150390625,1.0560414791107178,0.0020243905019015074,23226.23095703125,0.017983675003051758,0.048472050577402115,0.029701612889766693,0.9375,0.0625
358,14746.390625,7889.443359375,1.0485402345657349,0.005611606407910585,22635.833984375,0.018012046813964844,0.04804157093167305,0.028130728751420975,0.9375,0.0625
359,14413.1826171875,7762.1103515625,1.0503836870193481,0.03651658445596695,22175.29296875,0.017890453338623047,0.047758907079696655,0.02800372615456581,0.9375,0.0625
360,15940.9609375,7787.791015625,1.0605796575546265,0.3086760938167572,23728.751953125,0.018626689910888672,0.04858601838350296,0.029353342950344086,0.9375,0.0625
361,15175.8046875,7675.462890625,1.0809764862060547,1.8388922399026342e-05,22851.267578125,0.017785310745239258,0.05091594159603119,0.031790293753147125,0.9375,0.0625
362,15456.396484375,8072.32861328125,1.1044230461120605,0.0004645594453904778,23528.72509765625,0.020679235458374023,0.05430346354842186,0.03376200050115585,0.9375,0.0625
363,15335.6533203125,7942.09912109375,1.1192489862442017,1.101478574128123e-05,23277.75244140625,0.018426895141601562,0.056177861988544464,0.034703295677900314,0.9375,0.0625
364,15881.6455078125,7941.8818359375,1.1293158531188965,0.0022271994967013597,23823.52734375,0.01844000816345215,0.05557160824537277,0.0334579199552536,0.9375,0.0625
365,15289.2109375,8079.20556640625,1.134922742843628,0.00026807046378962696,23368.41650390625,0.01900315284729004,0.055427227169275284,0.03264962136745453,0.9296875,0.0703125
366,15537.79296875,8064.10498046875,1.1392481327056885,0.0018545155180618167,23601.89794921875,0.01883411407470703,0.056354884058237076,0.033260636031627655,0.9375,0.0625
367,15246.255859375,7821.2412109375,1.1530029773712158,0.004881676286458969,23067.4970703125,0.01821756362915039,0.05915284901857376,0.034628309309482574,0.9375,0.0625
368,14486.1171875,7580.626953125,1.1656914949417114,0.007340713869780302,22066.744140625,0.018185138702392578,0.06082555651664734,0.0382520966231823,0.9296875,0.0703125
369,14372.32421875,7668.70263671875,1.181697964668274,0.0012554047862067819,22041.02685546875,0.018753528594970703,0.06082964316010475,0.03849420323967934,0.9296875,0.0703125
370,15736.330078125,7959.14453125,1.2026894092559814,0.00791845191270113,23695.474609375,0.018506765365600586,0.06118328869342804,0.036557458341121674,0.9296875,0.0703125
371,14859.443359375,7709.9013671875,1.226258397102356,0.03267987444996834,22569.3447265625,0.018897056579589844,0.06325237452983856,0.03822772577404976,0.9296875,0.0703125
372,15211.025390625,8010.251953125,1.2370017766952515,0.04811946675181389,23221.27734375,0.018205642700195312,0.06449201703071594,0.04063393175601959,0.9296875,0.0703125
373,14737.416015625,7958.41845703125,1.2345232963562012,0.0030699502676725388,22695.83447265625,0.017951488494873047,0.06415673345327377,0.0404919758439064,0.9296875,0.0703125
374,14805.34765625,7728.13671875,1.219810128211975,0.0006513895350508392,22533.484375,0.0178985595703125,0.06236962601542473,0.039938122034072876,0.9296875,0.0703125
375,15456.140625,7947.6904296875,1.1942631006240845,0.006225154735147953,23403.8310546875,0.017878055572509766,0.06037423759698868,0.03811328858137131,0.9296875,0.0703125
376,15111.6728515625,8056.05078125,1.1734050512313843,0.0008445566636510193,23167.7236328125,0.017828941345214844,0.0588962621986866,0.03514409810304642,0.9296875,0.0703125
377,15730.330078125,7970.8896484375,1.1646136045455933,0.021462688222527504,23701.2197265625,0.01792287826538086,0.05856388807296753,0.03396166115999222,0.9296875,0.0703125
378,14318.5283203125,7531.6875,1.1569952964782715,0.002674147952347994,21850.2158203125,0.01832890510559082,0.0568171888589859,0.032831452786922455,0.9296875,0.0703125
379,15133.888671875,7784.2314453125,1.161488652229309,0.04896891862154007,22918.1201171875,0.018040180206298828,0.05523621290922165,0.03255927562713623,0.9296875,0.0703125
380,15391.6630859375,7893.849609375,1.1655441522598267,0.013245832175016403,23285.5126953125,0.018106460571289062,0.054538462311029434,0.03413064032793045,0.9296875,0.0703125
381,14240.376953125,7730.359375,1.164048194885254,0.004219846799969673,21970.736328125,0.01812577247619629,0.0532197542488575,0.03291318565607071,0.9296875,0.0703125
382,14210.6748046875,7604.9013671875,1.1633579730987549,0.0013376814313232899,21815.576171875,0.018492937088012695,0.05243867635726929,0.032113902270793915,0.9296875,0.0703125
383,13996.1025390625,7461.4580078125,1.1590168476104736,0.0009669178398326039,21457.560546875,0.01809406280517578,0.05082116276025772,0.027835529297590256,0.9296875,0.0703125
384,14169.294921875,7917.2646484375,1.1530591249465942,0.0253486055880785,22086.5595703125,0.018149614334106445,0.05020328611135483,0.02864750847220421,0.921875,0.078125
385,15841.439453125,7807.78515625,1.1551353931427002,0.030824488028883934,23649.224609375,0.018299341201782227,0.04990571737289429,0.027599353343248367,0.9296875,0.0703125
386,14832.091796875,7592.2177734375,1.1522248983383179,0.05653490126132965,22424.3095703125,0.018210172653198242,0.0496581494808197,0.029446622356772423,0.9296875,0.0703125
387,14422.947265625,7823.0390625,1.1518744230270386,0.10987772047519684,22245.986328125,0.017962217330932617,0.04987194016575813,0.030533913522958755,0.9296875,0.0703125
388,15603.583984375,8076.77783203125,1.1513816118240356,0.0029714866541326046,23680.36181640625,0.018182754516601562,0.05074654892086983,0.031943198293447495,0.9296875,0.0703125
389,15126.7314453125,7820.23779296875,1.141451358795166,0.16978001594543457,22946.96923828125,0.018369197845458984,0.05075701326131821,0.032946448773145676,0.9296875,0.0703125
390,14246.9833984375,7781.4033203125,1.1300221681594849,0.0012672976590692997,22028.38671875,0.01827383041381836,0.05051988735795021,0.03352446109056473,0.9296875,0.0703125
391,14907.173828125,7768.8564453125,1.1216803789138794,0.0007567224674858153,22676.0302734375,0.018199682235717773,0.05116956681013107,0.03449828177690506,0.9296875,0.0703125
392,15655.6328125,7908.7939453125,1.1178865432739258,0.013058111071586609,23564.4267578125,0.018932819366455078,0.05172841623425484,0.03412391245365143,0.9296875,0.0703125
393,15604.8671875,7857.97265625,1.1216129064559937,0.1582501381635666,23462.83984375,0.021226882934570312,0.051079753786325455,0.030518893152475357,0.9296875,0.0703125
394,14444.62109375,7884.4296875,1.1211580038070679,0.0593155100941658,22329.05078125,0.018654346466064453,0.05050436034798622,0.029230479151010513,0.9296875,0.0703125
395,15851.2734375,8118.232421875,1.1185030937194824,0.049253348261117935,23969.505859375,0.019124984741210938,0.05029096454381943,0.029794272035360336,0.9296875,0.0703125
396,15123.685546875,7965.43994140625,1.1175665855407715,0.001435566577129066,23089.12548828125,0.019217967987060547,0.05102258175611496,0.032977715134620667,0.9296875,0.0703125
397,15303.666015625,7911.45458984375,1.1119647026062012,0.0062375119887292385,23215.12060546875,0.018964290618896484,0.050699662417173386,0.03170205280184746,0.9296875,0.0703125
398,14577.716796875,8037.013671875,1.1151330471038818,0.007531062699854374,22614.73046875,0.018074750900268555,0.05196097493171692,0.03202276676893234,0.9296875,0.0703125
399,15349.638671875,7689.8984375,1.1214368343353271,0.004373581148684025,23039.537109375,0.018061161041259766,0.05382765457034111,0.03470883518457413,0.9296875,0.0703125
400,15051.4990234375,7932.1455078125,1.124700665473938,0.00041256038821302354,22983.64453125,0.01796865463256836,0.05475065857172012,0.03450535610318184,0.9296875,0.0703125
401,15537.6796875,7982.2734375,1.120063304901123,0.030186237767338753,23519.953125,0.017925262451171875,0.05468905717134476,0.0347195528447628,0.9296875,0.0703125
402,15064.919921875,7974.697265625,1.117340087890625,0.002144687343388796,23039.6171875,0.018192052841186523,0.05500081181526184,0.03349953889846802,0.9375,0.0625
403,14651.349609375,7784.7392578125,1.1176447868347168,0.022897444665431976,22436.0888671875,0.018114328384399414,0.05627681687474251,0.03592170402407646,0.9375,0.0625
404,14720.5986328125,7721.78369140625,1.1159169673919678,0.00016860029427334666,22442.38232421875,0.018206119537353516,0.05596182495355606,0.03431481122970581,0.9375,0.0625
405,14911.7109375,7674.6865234375,1.115862488746643,9.42279802984558e-05,22586.3974609375,0.018027782440185547,0.055969998240470886,0.03503185883164406,0.9375,0.0625
406,15343.99609375,7874.8603515625,1.1152814626693726,0.004662766121327877,23218.8564453125,0.01828742027282715,0.05675819516181946,0.036566611379384995,0.9375,0.0625
407,14891.0732421875,7933.86572265625,1.1164414882659912,0.011728317476809025,22824.93896484375,0.01799798011779785,0.05741369351744652,0.03746546804904938,0.9375,0.0625
408,15087.30859375,7853.5625,1.1093932390213013,0.012289583683013916,22940.87109375,0.01781606674194336,0.056965384632349014,0.03768305480480194,0.9375,0.0625
409,15096.8720703125,7758.0390625,1.1043599843978882,0.011733545921742916,22854.9111328125,0.01783895492553711,0.054967641830444336,0.03683040663599968,0.9375,0.0625
410,14819.638671875,7735.255859375,1.1045734882354736,0.0004626662703230977,22554.89453125,0.017938613891601562,0.05463799089193344,0.03716101497411728,0.9375,0.0625
411,15192.443359375,8100.4248046875,1.10258150100708,0.010471027344465256,23292.8681640625,0.017789602279663086,0.05642322450876236,0.03859710693359375,0.9375,0.0625
412,14628.5625,7596.447265625,1.1060221195220947,0.003263897029682994,22225.009765625,0.01866292953491211,0.05814478173851967,0.04119054973125458,0.9375,0.0625
413,14839.6025390625,7741.67578125,1.113738775253296,0.007354316767305136,22581.2783203125,0.0180509090423584,0.05593215674161911,0.03510252758860588,0.9375,0.0625
414,14933.638671875,7695.6396484375,1.108067512512207,0.001334624015726149,22629.2783203125,0.017879009246826172,0.05643012747168541,0.03808710351586342,0.9375,0.0625
415,15347.83203125,7851.3994140625,1.0958563089370728,0.0021051554940640926,23199.2314453125,0.017914295196533203,0.05585736408829689,0.038155362010002136,0.9375,0.0625
416,14373.072265625,7644.08837890625,1.0849781036376953,0.0002873707271646708,22017.16064453125,0.0181887149810791,0.05476349592208862,0.037816621363162994,0.9375,0.0625
417,14814.630859375,7812.47607421875,1.0697696208953857,0.0023448150604963303,22627.10693359375,0.018005847930908203,0.0509684756398201,0.03360362350940704,0.9375,0.0625
418,14804.0244140625,7839.91455078125,1.0701072216033936,0.03856853395700455,22643.93896484375,0.01854395866394043,0.049400970339775085,0.03023298643529415,0.9375,0.0625
419,14800.236328125,8131.09619140625,1.0716989040374756,0.050920385867357254,22931.33251953125,0.018049240112304688,0.05037412792444229,0.03068740852177143,0.9375,0.0625
420,14610.4541015625,7815.3984375,1.0739092826843262,0.011592337861657143,22425.8525390625,0.018834590911865234,0.0509171262383461,0.03189793974161148,0.9375,0.0625
421,14291.4921875,7796.53466796875,1.0762838125228882,0.5993006825447083,22088.02685546875,0.022016525268554688,0.050455354154109955,0.03187374770641327,0.9375,0.0625
422,14822.4453125,7988.669921875,1.0828489065170288,0.0045454842038452625,22811.115234375,0.018360614776611328,0.04946973919868469,0.029712235555052757,0.9375,0.0625
423,14361.58984375,7698.28125,1.09088933467865,0.0034246626310050488,22059.87109375,0.01815176010131836,0.05038198083639145,0.030238918960094452,0.9296875,0.0703125
424,14562.154296875,7969.65966796875,1.099862813949585,0.04578150808811188,22531.81396484375,0.018549203872680664,0.05159442871809006,0.02952352911233902,0.9296875,0.0703125
425,14043.97265625,7780.97900390625,1.106187105178833,0.009385362267494202,21824.95166015625,0.018143177032470703,0.052028559148311615,0.029149657115340233,0.9296875,0.0703125
426,15630.51953125,8004.900390625,1.1027302742004395,2.3881115339463577e-05,23635.419921875,0.01811671257019043,0.052789486944675446,0.03018604964017868,0.9296875,0.0703125
427,14409.373046875,7869.8828125,1.0948375463485718,0.04897554963827133,22279.255859375,0.017976999282836914,0.053841084241867065,0.03188522532582283,0.9296875,0.0703125
428,15165.662109375,7842.05419921875,1.092989206314087,0.03596219792962074,23007.71630859375,0.018413782119750977,0.054667212069034576,0.033112525939941406,0.9296875,0.0703125
429,15003.4453125,7961.798828125,1.0929466485977173,0.027419548481702805,22965.244140625,0.019481420516967773,0.05514957010746002,0.033701092004776,0.9296875,0.0703125
430,14496.5634765625,7736.65869140625,1.0875639915466309,0.00028857996221631765,22233.22216796875,0.019169092178344727,0.05550209432840347,0.03529730811715126,0.9296875,0.0703125
431,14800.958984375,7716.1728515625,1.0814814567565918,0.0024532258976250887,22517.1318359375,0.01804637908935547,0.05603673309087753,0.03751079738140106,0.9296875,0.0703125
432,13805.935546875,7664.37939453125,1.0792231559753418,0.006614421494305134,21470.31494140625,0.018182754516601562,0.05690440908074379,0.040737781673669815,0.9296875,0.0703125
433,14909.1396484375,8156.74755859375,1.0808407068252563,0.023499060422182083,23065.88720703125,0.01865839958190918,0.05818139761686325,0.04264987260103226,0.9296875,0.0703125
434,14386.017578125,7674.787109375,1.0774562358856201,0.03308159485459328,22060.8046875,0.017984390258789062,0.05797421932220459,0.04188661277294159,0.9296875,0.0703125
435,14454.7529296875,7841.455078125,1.0760219097137451,0.0177773367613554,22296.2080078125,0.02076268196105957,0.05754777044057846,0.04083385691046715,0.9296875,0.0703125
436,15151.19921875,7831.2236328125,1.0712883472442627,0.0009650833671912551,22982.4228515625,0.018842220306396484,0.05580173060297966,0.03734929487109184,0.9296875,0.0703125
437,15355.5634765625,8004.619140625,1.063089370727539,0.003029931103810668,23360.1826171875,0.018312931060791016,0.05401802062988281,0.034757934510707855,0.9296875,0.0703125
438,14976.7021484375,7697.14453125,1.0546029806137085,0.002346247900277376,22673.8466796875,0.018468618392944336,0.051824308931827545,0.0315217524766922,0.9296875,0.0703125
439,13959.7578125,7626.7294921875,1.046797752380371,0.008973212912678719,21586.4873046875,0.018230199813842773,0.05066956579685211,0.02973589114844799,0.9375,0.0625
440,15336.04296875,7856.3720703125,1.0442132949829102,0.03010549768805504,23192.4150390625,0.018146991729736328,0.05333368480205536,0.03664201498031616,0.9375,0.0625
441,14825.9150390625,7891.53271484375,1.0501091480255127,0.0003141828638035804,22717.44775390625,0.01871347427368164,0.05309830233454704,0.03497122600674629,0.9375,0.0625
442,14617.0712890625,7683.4755859375,1.0530247688293457,1.4184275869411067e-06,22300.546875,0.018187761306762695,0.052358657121658325,0.03282249718904495,0.9375,0.0625
443,14702.2353515625,7927.67724609375,1.060051679611206,0.03348996117711067,22629.91259765625,0.018349647521972656,0.05650956183671951,0.03964254632592201,0.9375,0.0625
444,14532.283203125,7661.5595703125,1.0771912336349487,0.007179261185228825,22193.8427734375,0.018420696258544922,0.055236078798770905,0.03160608559846878,0.9375,0.0625
445,14631.9091796875,7772.43701171875,1.0905389785766602,0.010137058794498444,22404.34619140625,0.017969369888305664,0.057128675282001495,0.033965758979320526,0.9296875,0.0703125
446,14539.326171875,7989.68359375,1.0959078073501587,0.0007883549551479518,22529.009765625,0.017882347106933594,0.05739726126194,0.03515777736902237,0.9296875,0.0703125
447,14979.115234375,7900.23828125,1.090158224105835,0.0038714187685400248,22879.353515625,0.018317222595214844,0.055711694061756134,0.031672004610300064,0.9296875,0.0703125
448,14716.8046875,7679.6640625,1.0809767246246338,0.00015166038065217435,22396.46875,0.018151521682739258,0.05430663377046585,0.0338713675737381,0.9375,0.0625
449,15371.7412109375,8107.044921875,1.0821946859359741,0.0026146331802010536,23478.7861328125,0.018207073211669922,0.05341688543558121,0.03018363192677498,0.9296875,0.0703125
450,14949.166015625,7987.291015625,1.082623839378357,0.0001359271554974839,22936.45703125,0.018452167510986328,0.05440506339073181,0.03314938768744469,0.9375,0.0625
451,14569.951171875,7777.5771484375,1.0902076959609985,0.006698562763631344,22347.5283203125,0.018126964569091797,0.05615874007344246,0.03780195862054825,0.9296875,0.0703125
452,15247.87109375,7975.697265625,1.0869543552398682,0.0070480466820299625,23223.568359375,0.018514156341552734,0.05708799138665199,0.04082375392317772,0.9296875,0.0703125
453,14074.6162109375,7783.4599609375,1.081363558769226,0.001316162059083581,21858.076171875,0.018169641494750977,0.055517684668302536,0.038693033158779144,0.9296875,0.0703125
454,15679.609375,7794.47265625,1.0753390789031982,0.006350005976855755,23474.08203125,0.01821303367614746,0.054395101964473724,0.03741787374019623,0.9296875,0.0703125
455,14988.7802734375,7854.3125,1.0654535293579102,0.00996835995465517,22843.0927734375,0.018820762634277344,0.05207184702157974,0.03309380263090134,0.9296875,0.0703125
456,14560.1328125,7972.15234375,1.0520416498184204,0.0006354118813760579,22532.28515625,0.017988920211791992,0.05039416253566742,0.033063702285289764,0.9375,0.0625
457,15240.9658203125,7748.791015625,1.0478730201721191,0.0008517937967553735,22989.7568359375,0.018434524536132812,0.048470787703990936,0.030761711299419403,0.9375,0.0625
458,14295.517578125,7791.2578125,1.0631822347640991,0.009285583160817623,22086.775390625,0.01812744140625,0.05308251082897186,0.040297385305166245,0.9296875,0.0703125
459,14998.0029296875,7794.1455078125,1.0719488859176636,0.0049535068683326244,22792.1484375,0.018073320388793945,0.051816947758197784,0.035348355770111084,0.9296875,0.0703125
460,14540.8603515625,7857.65625,1.0746979713439941,0.07734803855419159,22398.5166015625,0.01821422576904297,0.05308360978960991,0.03675366938114166,0.9296875,0.0703125
461,14983.8671875,8018.58984375,1.074548363685608,0.005631521809846163,23002.45703125,0.01853632926940918,0.0551464706659317,0.040630362927913666,0.9296875,0.0703125
462,15365.890625,7811.6083984375,1.0723823308944702,0.046906728297472,23177.4990234375,0.01804351806640625,0.053832046687603,0.03780446574091911,0.9296875,0.0703125
463,13578.7734375,7491.3818359375,1.0703749656677246,0.07200577110052109,21070.1552734375,0.01802659034729004,0.053547848016023636,0.03651940077543259,0.9296875,0.0703125
464,14068.73828125,7554.3505859375,1.0669230222702026,0.022853078320622444,21623.0888671875,0.018774986267089844,0.053409282118082047,0.03538915142416954,0.9296875,0.0703125
465,14383.5390625,7778.5732421875,1.0666817426681519,0.022129565477371216,22162.1123046875,0.017941713333129883,0.054069846868515015,0.03557760268449783,0.9296875,0.0703125
466,14887.0078125,7788.796875,1.056092619895935,0.0017486228607594967,22675.8046875,0.01790595054626465,0.052701547741889954,0.031170163303613663,0.9296875,0.0703125
467,14499.916015625,7879.2900390625,1.0456457138061523,0.0015407545724883676,22379.2060546875,0.018349409103393555,0.05404286831617355,0.03357309475541115,0.9375,0.0625
468,14486.677734375,7823.373046875,1.035921335220337,0.0016306141624227166,22310.05078125,0.01835918426513672,0.056604549288749695,0.039443496614694595,0.9375,0.0625
469,14850.35546875,7892.31005859375,1.0305407047271729,0.004433053079992533,22742.66552734375,0.01845240592956543,0.05367790907621384,0.03501352667808533,0.9375,0.0625
470,14199.060546875,7679.89111328125,1.0274503231048584,0.0009810118936002254,21878.95166015625,0.01846933364868164,0.05405096709728241,0.03700236231088638,0.9375,0.0625
471,14117.107421875,7657.4580078125,1.022457242012024,0.0041890530847013,21774.5654296875,0.01813530921936035,0.05366446077823639,0.037254780530929565,0.9375,0.0625
472,14444.62890625,7840.9814453125,1.0246469974517822,0.017488565295934677,22285.6103515625,0.018190622329711914,0.05345168709754944,0.0368308424949646,0.9375,0.0625
473,15038.4775390625,7889.654296875,1.0351731777191162,0.00021671397553291172,22928.1318359375,0.018227338790893555,0.05415453016757965,0.038461461663246155,0.9375,0.0625
474,14654.181640625,7824.9326171875,1.026344895362854,0.0006312532350420952,22479.1142578125,0.017954587936401367,0.051483795046806335,0.035111021250486374,0.9375,0.0625
475,15125.5869140625,7952.498046875,1.0152724981307983,0.0004935573670081794,23078.0849609375,0.017999649047851562,0.05194929242134094,0.03799840807914734,0.9375,0.0625
476,14954.7822265625,7781.29541015625,1.0067558288574219,0.002655413467437029,22736.07763671875,0.017966747283935547,0.05010129511356354,0.03442402929067612,0.9375,0.0625
477,15384.59375,8136.640625,1.0082201957702637,0.001011519692838192,23521.234375,0.018175125122070312,0.050466567277908325,0.03282514959573746,0.9375,0.0625
478,14263.841796875,7693.00927734375,1.017503261566162,0.0029505761340260506,21956.85107421875,0.018159866333007812,0.050858382135629654,0.032807204872369766,0.9375,0.0625
479,14387.71875,7893.759765625,1.025598168373108,0.0472482331097126,22281.478515625,0.018049955368041992,0.05067167058587074,0.03218502178788185,0.9296875,0.0703125
480,14182.451171875,7665.7626953125,1.0336682796478271,0.00955746416002512,21848.2138671875,0.018332481384277344,0.05045497417449951,0.03173893690109253,0.9296875,0.0703125
481,14650.150390625,7861.7822265625,1.0499491691589355,0.03972673416137695,22511.9326171875,0.018640518188476562,0.05203472450375557,0.034143079072237015,0.9296875,0.0703125
482,16046.625,7959.21484375,1.0674118995666504,0.0018483841558918357,24005.83984375,0.01812601089477539,0.05456015467643738,0.037333764135837555,0.9296875,0.0703125
483,14909.798828125,7661.7890625,1.076981544494629,0.0025068018585443497,22571.587890625,0.01900458335876465,0.05533808842301369,0.03752897307276726,0.9296875,0.0703125
484,15843.390625,7788.3115234375,1.0835659503936768,0.018894735723733902,23631.7021484375,0.018553495407104492,0.05528905242681503,0.036446213722229004,0.9296875,0.0703125
485,14095.478515625,7853.3896484375,1.0875591039657593,4.5490173761209007e-07,21948.8681640625,0.018106698989868164,0.05591743811964989,0.036769866943359375,0.9296875,0.0703125
486,14425.40625,7811.5078125,1.0842541456222534,0.006143809761852026,22236.9140625,0.018071889877319336,0.05771847814321518,0.040001608431339264,0.9296875,0.0703125
487,14863.880859375,7774.6875,1.0680410861968994,0.00022212522162590176,22638.568359375,0.02052903175354004,0.05458393692970276,0.03190857917070389,0.9296875,0.0703125
488,14367.33984375,7739.65625,1.0520317554473877,8.745417289901525e-05,22106.99609375,0.018158912658691406,0.05722265690565109,0.03874056786298752,0.9375,0.0625
489,14808.15234375,7886.90625,1.0447354316711426,0.01923546753823757,22695.05859375,0.018125295639038086,0.05796167999505997,0.03986136615276337,0.9375,0.0625
490,14882.984375,7915.42236328125,1.0494439601898193,0.05667329952120781,22798.40673828125,0.018217802047729492,0.056666817516088486,0.03544846549630165,0.9375,0.0625
491,14061.890625,7845.1689453125,1.046330213546753,0.00250261090695858,21907.0595703125,0.018227100372314453,0.056958314031362534,0.03458867967128754,0.9375,0.0625
492,14202.70703125,7856.0556640625,1.0377576351165771,0.017227334901690483,22058.7626953125,0.02007126808166504,0.058353226631879807,0.03940057009458542,0.9375,0.0625
493,13784.5654296875,7655.6669921875,1.030403733253479,0.4958290159702301,21440.232421875,0.018235445022583008,0.05896827578544617,0.04091482236981392,0.9375,0.0625
494,14786.3466796875,7878.08203125,1.02556574344635,0.006119163706898689,22664.4287109375,0.018138408660888672,0.05720097944140434,0.03939271718263626,0.9375,0.0625
495,15323.4814453125,7872.73828125,1.027390718460083,0.0002986629551742226,23196.2197265625,0.01792454719543457,0.05776500701904297,0.040466420352458954,0.9375,0.0625
496,14541.9580078125,7754.8427734375,1.0395222902297974,7.95685627963394e-06,22296.80078125,0.018111467361450195,0.05870577692985535,0.041196681559085846,0.9375,0.0625
497,14157.169921875,7957.40283203125,1.0602515935897827,0.020824044942855835,22114.57275390625,0.01808643341064453,0.05806218460202217,0.03612624853849411,0.9296875,0.0703125
498,15197.666015625,7912.69140625,1.0618135929107666,0.03600890561938286,23110.357421875,0.018114328384399414,0.058516666293144226,0.03668982908129692,0.9296875,0.0703125
499,14970.978515625,8022.009765625,1.049261450767517,0.000732851738575846,22992.98828125,0.01795339584350586,0.057804591953754425,0.035023897886276245,0.9375,0.0625
500,13835.388671875,7741.70166015625,1.0322291851043701,5.593200057774084e-06,21577.09033203125,0.01814103126525879,0.056621529161930084,0.03568585216999054,0.9375,0.0625
501,14146.13671875,7813.8525390625,1.0191270112991333,0.0040834816172719,21959.9892578125,0.01827073097229004,0.05500821769237518,0.03314616531133652,0.9375,0.0625
502,14959.4375,8065.10595703125,1.0138962268829346,0.0766024962067604,23024.54345703125,0.017948389053344727,0.054926980286836624,0.03366886079311371,0.9453125,0.0546875
503,14203.0693359375,7789.240234375,1.0172042846679688,6.538744491990656e-05,21992.3095703125,0.018012285232543945,0.05570538341999054,0.034727782011032104,0.9453125,0.0546875
504,14829.2548828125,7802.560546875,1.0124247074127197,0.005243284627795219,22631.8154296875,0.017987489700317383,0.05527249723672867,0.03330652043223381,0.9453125,0.0546875
505,14384.12890625,7738.36376953125,1.005305528640747,0.00782596506178379,22122.49267578125,0.018070459365844727,0.05441240966320038,0.03406433016061783,0.9453125,0.0546875
506,14631.380859375,7856.9736328125,1.000797152519226,0.0008786746766418219,22488.3544921875,0.01834559440612793,0.054518964141607285,0.035321012139320374,0.9453125,0.0546875
507,14651.015625,7548.27734375,0.9959322214126587,0.012900537811219692,22199.29296875,0.01824665069580078,0.054473645985126495,0.03426479175686836,0.9453125,0.0546875
508,14415.791015625,7569.0029296875,0.9972406029701233,0.0005313145229592919,21984.7939453125,0.01808786392211914,0.05479372665286064,0.03434811532497406,0.9453125,0.0546875
509,14753.9189453125,7913.8427734375,0.9981245994567871,0.01703922264277935,22667.76171875,0.018084049224853516,0.054411880671978,0.0356048122048378,0.9453125,0.0546875
510,14227.767578125,7610.345703125,0.9973968267440796,0.0017233947291970253,21838.11328125,0.021578073501586914,0.053033340722322464,0.036537349224090576,0.9453125,0.0546875
511,15489.548828125,8159.390625,1.000667691230774,0.027323130518198013,23648.939453125,0.018325090408325195,0.05189456790685654,0.03508768230676651,0.9453125,0.0546875
512,14741.916015625,7947.4677734375,1.0053608417510986,0.02554355375468731,22689.3837890625,0.018392324447631836,0.05114460736513138,0.03409350663423538,0.9453125,0.0546875
513,13758.5703125,7595.6376953125,1.008284330368042,0.3489566445350647,21354.2080078125,0.018869876861572266,0.052382100373506546,0.03753446042537689,0.9453125,0.0546875
514,13821.501953125,7536.6318359375,1.014716386795044,0.10248682647943497,21358.1337890625,0.018550634384155273,0.05172540992498398,0.03338352590799332,0.9375,0.0625
515,14520.0888671875,7735.6201171875,1.0254343748092651,0.007855278439819813,22255.708984375,0.01853322982788086,0.05430169403553009,0.03984464704990387,0.9375,0.0625
